;NOME;PONTUACAO;COMENTARIO;LOCAL;TIPO;TEMPO_ESPERA;BUSCA_ID;BAIRRO;Tamanho;Endereco;BAIRRO_LOC;LATITUDE;LONGITUDE;LAT_BAIRRO;LONG_BAIRRO
0;Blive Fortaleza;;;R. JOSÉ VILAR, 2119 , DIONÍSIO TORRES, FORTALEZA , CE, 60125,001;;;Ensino Médio;DIONÍSIO TORRES;7;R. JOSE VILAR  2119 , FORTALEZA;Dionísio Torres, FORTALEZA, CE;-3.7430592;-38.5068339;-3.7480271;-38.5064872
1;CEFOR - Centro Educacional de Fortaleza;;;R. TIBÚRCIO CAVALCANTE, 1958 , ALDEOTA, FORTALEZA , CE, 60125,045;;;Ensino Médio;ALDEOTA;7;R. TIBÚRCIO CAVALCANTE  1958 , FORTALEZA;Aldeota, FORTALEZA, CE;-3.7415639;-38.5046181;-3.7341528;-38.5096997
2;EEMTI Dragão do Mar;;;R. UMARI , MUCURIPE, FORTALEZA , CE, 60175,280;;;Ensino Médio;MUCURIPE;6;R. UMARI , FORTALEZA;Mucuripe, FORTALEZA, CE;-3.7258875;-38.4836548;-3.7257065;-38.4848018
3;EEFM Bárbara de Alencar;;;R. PEDRO RUFINO, 38 , VARJOTA, FORTALEZA , CE, 60175,100;;;Ensino Médio;VARJOTA;7;R. PEDRO RUFINO  38 , FORTALEZA;Varjota, FORTALEZA, CE;-3.7278997;-38.4875935;-3.7343231;-38.4860733
4;EEEP Maria José Medeiros;;;R. DES. LAURO NOGUEIRA, 1240 , PAPICU, FORTALEZA , CE, 60176,055;;;Ensino Médio;PAPICU;7;R. DESEMBARGADOR LAURO NOGUEIRA  1240 , FORTALEZA;Papicu, FORTALEZA, CE;-3.7419047;-38.4740314;-3.7395449;-38.4753765
5;Escola de Ensino Fundamental e Medio Pe. José Nilson;;;R. CORONEL MANUEL JESUÍNO, 225 , MUCURIPE, FORTALEZA , CE, 60175,270;;;Ensino Médio;MUCURIPE;7;R. CORONEL MANUEL JESUÍNO  225 , FORTALEZA;Mucuripe, FORTALEZA, CE;-3.7276159;-38.4845884;-3.7257065;-38.4848018
6;EEM Deputado Manoel Rodrigues;;;R. OLIVEIRA FILHO, 1576 , VICENTE PINZON, FORTALEZA , CE, 60181,816;;;Ensino Médio;VICENTE PINZON;7;R. OLIVEIRA FILHO  1576 , FORTALEZA;Vicente Pinzon, FORTALEZA, CE;-3.7313507;-38.46223;-3.7281452;-38.4697385
7;EEFM Cláudio Martins;;;R. DEMÓCRITO ROCHA, 400 , MONTE CASTELO, FORTALEZA , CE, 63475,088;;;Ensino Médio;MONTE CASTELO;7;R. DEMÓCRITO ROCHA  400 , FORTALEZA;Monte Castelo, FORTALEZA, CE;-3.7259132;-38.55099;-3.7260186;-38.5502355
8;Ensino Fundamental E Médio;;;AV. DA UNIVERSIDADE, 2090 , BENFICA, FORTALEZA , CE, 60020,180;;;Ensino Médio;BENFICA;7; DA UNIVERSIDADE  2090 , FORTALEZA;Benfica, FORTALEZA, CE;-3.7360244;-38.5349348;-3.741486;-38.538855
9;EEM Dr. César Cals;;;AV. DOMINGOS OLÍMPIO, 1800 , FARIAS BRITO, FORTALEZA , CE, 63475,099;;;Ensino Médio;FARIAS BRITO;7; DOMINGOS OLÍMPIO  1800 , FORTALEZA;Farias Brito, FORTALEZA, CE;-3.7335729;-38.5392743;-3.7296496;-38.5430883
10;Colégio ADM | Infantil e Médio;;;R. FIRMINO ROCHA AGUIAR, Nº 600 , GUARARAPES, FORTALEZA , CE, 60810,165;;;Ensino Médio;GUARARAPES;7;R. FIRMINO ROCHA AGUIAR  Nº 600 , FORTALEZA;Guararapes, FORTALEZA, CE;-3.7633048;-38.4838239;-3.7633869;-38.4886693
11;EEMTI Renato Braga;;;AV. RUI BARBOSA, 2000 , ALDEOTA, FORTALEZA , CE, 60115,221;;;Ensino Médio;ALDEOTA;7; RUI BARBOSA  2000 , FORTALEZA;Aldeota, FORTALEZA, CE;-3.740666;-38.5112444;-3.7341528;-38.5096997
12;Colégio Darwin;;;R. ILDEFONSO ALBANO, 1030 , MEIRELES, FORTALEZA , CE, 60115,000;;;Ensino Médio;MEIRELES;7;R. ILDEFONSO ALBANO  1030 , FORTALEZA;Meireles, FORTALEZA, CE;-3.729799;-38.512395;-3.7278218;-38.5003721
13;Colégio Nova Dimensão: Ensino Médio, Ensino Fundamental, Educação Infantil, Escola, Fortaleza CE;;;AV. EDILSON BRASIL SOARES, 1599 , EDSON QUEIROZ, FORTALEZA , CE, 60834,220;;;Ensino Médio;EDSON QUEIROZ;7; EDILSON BRASIL SOARES  1599 , FORTALEZA;Edson Queiroz, FORTALEZA, CE;-3.7888364;-38.4656203;-3.7777657;-38.4623898
14;Colégio Tiradentes Duque de Caxias: Ensino Infantil, Ensino Fundamental, Fortaleza CE;;;AV. DUQUE DE CAXIAS, 1452 , CENTRO, FORTALEZA , CE, 60034,111;;;Ensino Médio;CENTRO;7; DUQUE DE CAXIAS  1452 , FORTALEZA;Centro, FORTALEZA, CE;-22.6649743;-43.2693766;-3.7281287;-38.527412
15;Colégio Integral;;;AV. SANTOS DUMONT, 5572 , COCÓ, FORTALEZA , CE, 60191,151;;;Ensino Médio;COCÓ;7; SANTOS DUMONT  5572 , FORTALEZA;Cocó, FORTALEZA, CE;-3.7417348;-38.4820807;-3.7481588;-38.4808581
16;Colégio Tiradentes Pedro I;;;R. PEDRO 1, 1106 , CENTRO, FORTALEZA , CE, 60035,101;;;Ensino Médio;CENTRO;7;R. PEDRO 1  1106 , FORTALEZA;Centro, FORTALEZA, CE;-3.8496406;-38.481814;-3.7281287;-38.527412
17;Colégio Estadual Liceu do Ceará;;;PRAÇA GUSTAVO BARROSO, 1 , CENTRO, FORTALEZA , CE, 60010,700;;;Ensino Médio;CENTRO;7;PRAÇA GUSTAVO BARROSO  1 , FORTALEZA;Centro, FORTALEZA, CE;-3.7237921;-38.5409066;-3.7281287;-38.527412
18;Escola de Ensino Fundamental e Médio Santa Luzia;;;R. JOÃO CORDEIRO, 711 , PRAIA DE IRACEMA, FORTALEZA , CE, 60110,300;;;Ensino Médio;PRAIA DE IRACEMA;7;R. JOÃO CORDEIRO  711 , FORTALEZA;Praia de Iracema, FORTALEZA, CE;-3.7268212;-38.513248;-3.7205595;-38.5084796
19;Colégio Espaço Aberto - Papicu;;;R. BENTO ALBUQUERQUE, 1671 , COCÓ, FORTALEZA , CE, 60192,055;;;Ensino Médio;COCÓ;7;R. BENTO ALBUQUERQUE  1671 , FORTALEZA;Cocó, FORTALEZA, CE;-3.7465362;-38.4738342;-3.7481588;-38.4808581
20;Colégio 7 de Setembro;;;AVENIDA IMPERADOR, 1055 , CENTRO, FORTALEZA , CE, 60015,051;;;Ensino Médio;CENTRO;7;AVENIDA IMPERADOR  1055 , FORTALEZA;Centro, FORTALEZA, CE;-3.7302935;-38.5351058;-3.7281287;-38.527412
21;Colégio Ari de Sá Cavalcante - Sede Major Facundo;;;R. MAJOR FACUNDO, 980 , CENTRO, FORTALEZA , CE, 60025,100;;;Ensino Médio;CENTRO;7;R. MAJOR FACUNDO  980 , FORTALEZA;Centro, FORTALEZA, CE;-3.731636;-38.5293654;-3.7281287;-38.527412
22;EEFM Arquiteto Rogério Froes;;;AV. DAS GRAVIOLAS, 1000 , CIDADE 2000, FORTALEZA , CE, 60190,600;;;Ensino Médio;CIDADE 2000;7; DAS GRAVIOLAS  1000 , FORTALEZA;Cidade 2000, FORTALEZA, CE;-3.7518076;-38.4721134;-3.7501025;-38.4716231
23;Colégio Dragão do Mar;;;AV. JOÃO PESSOA, 4976 , DAMAS, FORTALEZA , CE, 60426,080;;;Ensino Médio;DAMAS;7; JOÃO PESSOA  4976 , FORTALEZA;Damas, FORTALEZA, CE;-3.7553585;-38.5524504;-3.7530505;-38.5502204
24;EEFM Padre Rocha;;;RUA CORONEL ALVES TEIXEIRA, 525 , JOAQUIM TÁVORA (FORTALEZA), FORTALEZA , CE, 60130,000;;;Ensino Médio;JOAQUIM TÁVORA (FORTALEZA);7;RUA CORONEL ALVES TEIXEIRA  525 , FORTALEZA;Joaquim Távora (Fortaleza), FORTALEZA, CE;-3.745277;-38.5175166;-3.7446816;-38.5186105
25;Colégio 7 de Setembro | Aldeota;;;R. HENRIQUETA GALENO, 1011 , DIONÍSIO TORRES, FORTALEZA , CE, 60135,420;;;Ensino Médio;DIONÍSIO TORRES;7;R. HENRIQUETA GALENO  1011 , FORTALEZA;Dionísio Torres, FORTALEZA, CE;-3.7475593;-38.4912236;-3.7480271;-38.5064872
26;E.E.F.M. Centro dos Retalhistas;;;AV. DA UNIVERSIDADE, 3304 , BENFICA, FORTALEZA , CE, 60020,180;;;Ensino Médio;BENFICA;7; DA UNIVERSIDADE  3304 , FORTALEZA;Benfica, FORTALEZA, CE;-3.7439405;-38.5424358;-3.741486;-38.538855
27;EEFM Clóvis Beviláqua;;;AV. DOM MANUEL, 511 , CENTRO, FORTALEZA , CE, 63475,137;;;Ensino Médio;CENTRO;7; DOM MANUEL  511 , FORTALEZA;Centro, FORTALEZA, CE;-3.7350284;-38.5441769;-3.7281287;-38.527412
28;E.E.M. Adauto Bezerra;;;RUA MONSENHOR LIBERATO, 1850 , FÁTIMA, FORTALEZA , CE, 60411,150;;;Ensino Médio;FÁTIMA;7;RUA MONSENHOR LIBERATO  1850 , FORTALEZA;Fátima, FORTALEZA, CE;-3.7500191;-38.5315462;-3.7517525;-38.5290848
29;Colégio Ari de Sá - Sede Aldeota;;;R. MONSENHOR CATÃO, 1655 , MEIRELES, FORTALEZA , CE, 60175,010;;;Ensino Médio;MEIRELES;7;R. MONSENHOR CATÃO  1655 , FORTALEZA;Meireles, FORTALEZA, CE;-3.7463944;-38.4925278;-3.7278218;-38.5003721
30;Colégio 21 de Abril;;;AV. BEZERRA DE MENEZES, 600 , SÃO GERARDO, FORTALEZA , CE, 60325,001;;;Ensino Médio;SÃO GERARDO;7; BEZERRA DE MENEZES  600 , FORTALEZA;São Gerardo, FORTALEZA, CE;-3.7324184;-38.5503193;-3.7302419;-38.5575276
31;EEMTI Visconde do Rio Branco;;;AV. DOM MANUEL, 1803 , CENTRO, FORTALEZA , CE, 60060,090;;;Ensino Médio;CENTRO;7; DOM MANUEL  1803 , FORTALEZA;Centro, FORTALEZA, CE;-3.7369211;-38.5533107;-3.7281287;-38.527412
32;EMTI Professora Antonieta Cals;;;RUA MONSENHOR SALAZAR, 1480 , SÃO JOÃO DO TAUAPE, FORTALEZA , CE, 60130,731;;;Ensino Médio;SÃO JOÃO DO TAUAPE;7;RUA MONSENHOR SALAZAR  1480 , FORTALEZA;São João do Tauape, FORTALEZA, CE;-3.7556828;-38.5061655;-3.7573612;-38.5106394
33;EEM Figueiredo Correia;;;RUA MARECHAL DEODORO, 733 , BENFICA, FORTALEZA , CE, 60020,060;;;Ensino Médio;BENFICA;7;RUA MARECHAL DEODORO  733 , FORTALEZA;Benfica, FORTALEZA, CE;-3.7421644;-38.5355895;-3.741486;-38.538855
34;Supletivo J Oliveira - Sede Aldeota;;;R. OSVALDO CRUZ, 2312 , DIONÍSIO TORRES, FORTALEZA , CE, 60125,151;;;Ensino Médio;DIONÍSIO TORRES;7;R. OSVALDO CRUZ  2312 , FORTALEZA;Dionísio Torres, FORTALEZA, CE;-3.7456575;-38.5037817;-3.7480271;-38.5064872
35;Colégio Atrius;;;R. PAULO FIRMEZA, 1290 , SÃO JOÃO DO TAUAPE, FORTALEZA , CE, 60130,421;;;Ensino Médio;SÃO JOÃO DO TAUAPE;7;R. PAULO FIRMEZA  1290 , FORTALEZA;São João do Tauape, FORTALEZA, CE;-3.7566256;-38.5069094;-3.7573612;-38.5106394
36;Colégio Lourenço Filho - Sede Centro;;;R. BARÃO DO RIO BRANCO, 2101 , JOSÉ BONIFACIO, FORTALEZA , CE, 60025,061;;;Ensino Médio;JOSÉ BONIFACIO;7;R. BARÃO DO RIO BRANCO  2101 , FORTALEZA;José Bonifacio, FORTALEZA, CE;-3.7363665;-38.5310565;-3.7394569;-38.5285591
37;EEEP Paulo VI;;;R. JORGE DUMAR, 1841 , JARDIM AMÉRICA, FORTALEZA , CE, 60410,426;;;Ensino Médio;JARDIM AMÉRICA;7;R. JORGE DUMAR  1841 , FORTALEZA;Jardim América, FORTALEZA, CE;-3.7522404;-38.5389438;-3.7523233;-38.5423767
38;Centro Educacional Vitória;;;CAÇA E PESCA , AV. DIOGUINHO, 6207 , PRAIA DO FUTURO II, FORTALEZA , CE, 60182,125;;;Ensino Médio;PRAIA DO FUTURO II;8;CAÇA E PESCA   6207 , FORTALEZA;Praia do Futuro II, FORTALEZA, CE;-3.7703119;-38.4414331;-3.7622082;-38.4448972
39;EEEP Maria Ângela da Silveira Borges;;;AV. CÉSAR CALS, 1180 , VICENTE PINZON, FORTALEZA , CE, 60182,035;;;Ensino Médio;VICENTE PINZON;7; CÉSAR CALS  1180 , FORTALEZA;Vicente Pinzon, FORTALEZA, CE;-3.7221405;-38.4638883;-3.7281452;-38.4697385
40;Escola Educadora Nova Aldeota;;;R. DES. LAURO NOGUEIRA, 321 , PAPICU, FORTALEZA , CE, 60175,055;;;Ensino Médio;PAPICU;7;R. DESEMBARGADOR LAURO NOGUEIRA  321 , FORTALEZA;Papicu, FORTALEZA, CE;-3.7431015;-38.4689542;-3.7395449;-38.4753765
41;Colégio Avançar;;;AV. DOM MANUEL, 526 , CENTRO, FORTALEZA , CE, 60060,090;;;Ensino Médio;CENTRO;7; DOM MANUEL  526 , FORTALEZA;Centro, FORTALEZA, CE;-3.7369211;-38.5533107;-3.7281287;-38.527412
42;EEM São João Piamarta;;;AV. AGUANAMBI, 2479 , FÁTIMA, FORTALEZA , CE, 60415,390;;;Ensino Médio;FÁTIMA;7; AGUANAMBI  2479 , FORTALEZA;Fátima, FORTALEZA, CE;-3.7592416;-38.5231979;-3.7517525;-38.5290848
43;Unif Ensino Fundamental;;;RUA CORONEL HONÓRIO VIEIRA, 850 , PARQUE MANIBURA, FORTALEZA , CE, 60821,836;;;Ensino Médio;PARQUE MANIBURA;7;RUA CORONEL HONÓRIO VIEIRA  850 , FORTALEZA;Parque Manibura, FORTALEZA, CE;-3.791223;-38.4871747;-3.7916672;-38.4861101
44;Curso Aprender: Aulas Particulares, Ensino Fundamental e Médio, Reforço Escolar em Papicu Fortaleza CE;;;R. JOAQUIM LIMA, 45 , PAPICU, FORTALEZA , CE, 60175,005;;;Ensino Médio;PAPICU;7;R. JOAQUIM LIMA  45 , FORTALEZA;Papicu, FORTALEZA, CE;-3.7391036;-38.4860272;-3.7395449;-38.4753765
45;Instituto de Educação do Ceará;;;R. GRACILIANO RAMOS, 52 , FÁTIMA, FORTALEZA , CE, 60411,200;;;Ensino Médio;FÁTIMA;7;R. GRACILIANO RAMOS  52 , FORTALEZA;Fátima, FORTALEZA, CE;-3.7524123;-38.5316583;-3.7517525;-38.5290848
46;Colégio Nossa Senhora das Graças;;;RUA MONSENHOR OTÁVIO DE CASTRO, 535 , FÁTIMA, FORTALEZA , CE, 60050,150;;;Ensino Médio;FÁTIMA;7;RUA MONSENHOR OTÁVIO DE CASTRO  535 , FORTALEZA;Fátima, FORTALEZA, CE;-3.747279;-38.5265161;-3.7517525;-38.5290848
47;Escola Lápis na Mão;;;ALAMEDA DAS VIOLETAS, 303 , CIDADE 2000, FORTALEZA , CE, 60190,310;;;Ensino Médio;CIDADE 2000;7;ALAMEDA DAS VIOLETAS  303 , FORTALEZA;Cidade 2000, FORTALEZA, CE;-3.7518256;-38.4693074;-3.7501025;-38.4716231
48;Colégio Santa Cecília;;;AV. SENADOR VIRGÍLIO TÁVORA, 2000 , ALDEOTA, FORTALEZA , CE, 60170,078;;;Ensino Médio;ALDEOTA;7; SENADOR VIRGÍLIO TÁVORA  2000 , FORTALEZA;Aldeota, FORTALEZA, CE;-3.7439191;-38.4965288;-3.7341528;-38.5096997
49;Escola Municipal Dom Helder Câmara;;;RUA FREI ODILON, 623B , FLORESTA, FORTALEZA , CE, 60336,190;;;Ensino Médio;FLORESTA;7;RUA FREI ODILON  623B , FORTALEZA;Floresta, FORTALEZA, CE;-3.7257202;-38.5729164;-3.7208413;-38.5764226
50;CIEJA - SUPLETIVO A DISTÂNCIA;;;AVENIDA IMPERADOR, 195 , CENTRO, FORTALEZA , CE, 60015,051;;;Ensino Médio;CENTRO;7;AVENIDA IMPERADOR  195 , FORTALEZA;Centro, FORTALEZA, CE;-3.7230947;-38.5329721;-3.7281287;-38.527412
51;Colégio M.Fialho Jacarecanga;;;RUA CONSELHEIRO ESTELITA, 264 , JACARECANGA, FORTALEZA , CE, 60010,260;;;Ensino Médio;JACARECANGA;7;RUA CONSELHEIRO ESTELITA  264 , FORTALEZA;Jacarecanga, FORTALEZA, CE;-3.7231745;-38.5393404;-3.7218504;-38.5416884
52;EEFM Antônio Sales;;;RUA PROFESSOR ANACLETO, 630 , PARQUELÂNDIA, FORTALEZA , CE, 63475,102;;;Ensino Médio;PARQUELÂNDIA;7;RUA PROFESSOR ANACLETO  630 , FORTALEZA;Parquelândia, FORTALEZA, CE;-3.7394635;-38.5522085;-3.7377987;-38.5590543
53;Secretaria de Estado de Educação do Ceará;;;AV. GEN. AFONSO ALBUQUERQUE LIMA , CAMBEBA, FORTALEZA , CE, 60822,325;;;Ensino Médio;CAMBEBA;6; GEN. AFONSO ALBUQUERQUE LIMA , FORTALEZA;Cambeba, FORTALEZA, CE;-3.8131484;-38.4861531;-3.8066024;-38.4851322
54;Colégio Duque de Caxias;;;R. PERU, 1675 , PARANGABA, FORTALEZA , CE, 60740,786;;;Ensino Médio;PARANGABA;7;R. PERU  1675 , FORTALEZA;Parangaba, FORTALEZA, CE;-3.781375;-38.5535687;-3.7771465;-38.5671367
55;Christus Dionísio Torres;;;R. ISRAEL BEZERRA, 630 , DIONÍSIO TORRES, FORTALEZA , CE, 60135,460;;;Ensino Médio;DIONÍSIO TORRES;7;R. ISRAEL BEZERRA  630 , FORTALEZA;Dionísio Torres, FORTALEZA, CE;-3.750379;-38.495774;-3.7480271;-38.5064872
56;EEM Liceu Estadual Prof. Domingos Brasileiro;;;R. PLANALTINA, SN , PLANALTO AYRTON SENNA, FORTALEZA , CE, 60760,480;;;Ensino Médio;PLANALTO AYRTON SENNA;7;R. PLANALTINA   , FORTALEZA;Planalto Ayrton Senna, FORTALEZA, CE;-3.8326035;-38.5694534;-3.8352124;-38.5725796
57;Colégio Espaço Aberto;;;AV. DOM LUÍS, 730 , ALDEOTA, FORTALEZA , CE, 60160,230;;;Ensino Médio;ALDEOTA;7; DOM LUÍS  730 , FORTALEZA;Aldeota, FORTALEZA, CE;-3.7343128;-38.4947916;-3.7341528;-38.5096997
58;Colégio Vasconcelos Vieira;;;RUA MAJOR PEDRO SAMPAIO, 376 , RODOLFO TEÓFILO, FORTALEZA , CE, 60430,180;;;Ensino Médio;RODOLFO TEÓFILO;7;RUA MAJOR PEDRO SAMPAIO  376 , FORTALEZA;Rodolfo Teófilo, FORTALEZA, CE;-3.7411201;-38.5491444;-3.746289;-38.5499015
59;Colégio Salesiano Dom Bosco;;;R. JOAQUIM TÔRRES, 185 , JOAQUIM TÁVORA (FORTALEZA), FORTALEZA , CE, 60135,130;;;Ensino Médio;JOAQUIM TÁVORA (FORTALEZA);7;R. JOAQUIM TÔRRES  185 , FORTALEZA;Joaquim Távora (Fortaleza), FORTALEZA, CE;-3.7408458;-38.5217685;-3.7446816;-38.5186105
60;Alternativo Sistema de Ensino;;;RUA DR. RIBAMAR LOBO, 363 , PAPICU, FORTALEZA , CE, 60192,230;;;Ensino Médio;PAPICU;7;RUA DOUTOR RIBAMAR LOBO  363 , FORTALEZA;Papicu, FORTALEZA, CE;-3.7477166;-38.468374;-3.7395449;-38.4753765
61;Escola Educar Sesc;;;AV. JOÃO PESSOA, 5920 , MONTESE, FORTALEZA , CE, 60425,682;;;Ensino Médio;MONTESE;7; JOÃO PESSOA  5920 , FORTALEZA;Montese, FORTALEZA, CE;-7.2013782;-34.8571665;-3.7640575;-38.5508418
62;Colégio Salesiano Dom Bosco Fortaleza;;;AV. ANTÔNIO SALES, 116 , JOAQUIM TÁVORA (FORTALEZA), FORTALEZA , CE, 60135,101;;;Ensino Médio;JOAQUIM TÁVORA (FORTALEZA);7; ANTÔNIO SALES  116 , FORTALEZA;Joaquim Távora (Fortaleza), FORTALEZA, CE;-3.7403297;-38.5210157;-3.7446816;-38.5186105
63;Colégio Batista Santos Dumont;;;RUA DESEMBARGADOR LEITE ALBUQUERQUE, 1056 , ALDEOTA, FORTALEZA , CE, 60150,150;;;Ensino Médio;ALDEOTA;7;RUA DESEMBARGADOR LEITE ALBUQUERQUE  1056 , FORTALEZA;Aldeota, FORTALEZA, CE;-3.738835;-38.4953933;-3.7341528;-38.5096997
64;Escola Sonho Infantil | Educação Infantil | Ensino Fundamental | Colégio Particular Infantil |;;;R. DA ASSUNÇÃO, 1668 , JOSÉ BONIFACIO, FORTALEZA , CE, 60712,020;;;Ensino Médio;JOSÉ BONIFACIO;7;R. DA ASSUNÇÃO  1668 , FORTALEZA;José Bonifacio, FORTALEZA, CE;-3.7440733;-38.5320479;-3.7394569;-38.5285591
65;Colégio Santo Tomás de Aquino;;;R. MARIO MAMEDE, 750 , FÁTIMA, FORTALEZA , CE, 60415,000;;;Ensino Médio;FÁTIMA;7;R. MARIO MAMEDE  750 , FORTALEZA;Fátima, FORTALEZA, CE;-3.7527915;-38.5268678;-3.7517525;-38.5290848
66;Colégio Estadual Justiniano de Serpa;;;AV. SANTOS DUMONT, 56 , CENTRO, FORTALEZA , CE, 63475,144;;;Ensino Médio;CENTRO;7; SANTOS DUMONT  56 , FORTALEZA;Centro, FORTALEZA, CE;-3.7290504;-38.5230049;-3.7281287;-38.527412
67;Colégio São Mateus;;;R. FREI HUMBERTO, 748 , BENFICA, FORTALEZA , CE, 60011,110;;;Ensino Médio;BENFICA;7;R. FREI HUMBERTO  748 , FORTALEZA;Benfica, FORTALEZA, CE;-3.7291144;-38.5428375;-3.741486;-38.538855
68;Colégio Santo Inácio;;;AV. DESEMBARGADOR MOREIRA, 2355 , ALDEOTA, FORTALEZA , CE, 60135,102;;;Ensino Médio;ALDEOTA;7; DESEMBARGADOR MOREIRA  2355 , FORTALEZA;Aldeota, FORTALEZA, CE;-3.7466572;-38.5011209;-3.7341528;-38.5096997
69;Colégio Militar de Fortaleza (CMF);;;AV. SANTOS DUMONT, 485 , ALDEOTA, FORTALEZA , CE, 60150,160;;;Ensino Médio;ALDEOTA;7; SANTOS DUMONT  485 , FORTALEZA;Aldeota, FORTALEZA, CE;-3.7291483;-38.5177493;-3.7341528;-38.5096997
70;Colégio Monsenhor Joviniano Barreto;;;RUA FREI VIDAL, 1621 , SÃO JOÃO DO TAUAPE, FORTALEZA , CE, 60120,100;;;Ensino Médio;SÃO JOÃO DO TAUAPE;7;RUA FREI VIDAL  1621 , FORTALEZA;São João do Tauape, FORTALEZA, CE;-3.7540458;-38.5178967;-3.7573612;-38.5106394
71;EMEIEF Frei Agostinho Fernandes;;;AV. CÉSAR CALS, 2370 , PRAIA DO FUTURO I, FORTALEZA , CE, 60182,000;;;Ensino Médio;PRAIA DO FUTURO I;7; CÉSAR CALS  2370 , FORTALEZA;Praia do Futuro I, FORTALEZA, CE;-3.7379747;-38.4565172;-3.7398076;-38.456122
72;Espaço Criativo;;;R. LAURO MAIA, 1353 , FÁTIMA, FORTALEZA , CE, 60055,210;;;Ensino Médio;FÁTIMA;7;R. LAURO MAIA  1353 , FORTALEZA;Fátima, FORTALEZA, CE;-3.7526093;-38.5215189;-3.7517525;-38.5290848
73;EMEIEF José Dias Macêdo;;;R. NUNES VALENTE, 809 , MEIRELES, FORTALEZA , CE, 60125,070;;;Ensino Médio;MEIRELES;7;R. NUNES VALENTE  809 , FORTALEZA;Meireles, FORTALEZA, CE;-3.7316912;-38.5020483;-3.7278218;-38.5003721
74;CEJA - Centro Integrado de Educação para Jovens e Adultos;;;AV. BEZERRA DE MENEZES, 100 , FARIAS BRITO, FORTALEZA , CE, 60325,000;;;Ensino Médio;FARIAS BRITO;7; BEZERRA DE MENEZES  100 , FORTALEZA;Farias Brito, FORTALEZA, CE;-3.7304179;-38.5411855;-3.7296496;-38.5430883
75;Vasconcelos Colegio;;;AV. VISCONDE DO RIO BRANCO, 1257 , CENTRO, FORTALEZA , CE, 60055,170;;;Ensino Médio;CENTRO;7; VISCONDE DO RIO BRANCO  1257 , FORTALEZA;Centro, FORTALEZA, CE;-3.7318449;-38.5244436;-3.7281287;-38.527412
76;Colégio e Curso Zerohum;;;AVENIDA IMPERADOR, 820 , CENTRO, FORTALEZA , CE, 60015,050;;;Ensino Médio;CENTRO;7;AVENIDA IMPERADOR  820 , FORTALEZA;Centro, FORTALEZA, CE;-3.7339126;-38.5364876;-3.7281287;-38.527412
77;Colégio Academos;;;R. COSTA BARROS, 850 , ALDEOTA, FORTALEZA , CE, 60160,281;;;Ensino Médio;ALDEOTA;7;R. COSTA BARROS  850 , FORTALEZA;Aldeota, FORTALEZA, CE;-3.7290753;-38.5163413;-3.7341528;-38.5096997
78;Colégio Universo;;;R. JOAQUIM ALBANO, 100 , PADRE ANDRADE, FORTALEZA , CE, 60356,342;;;Ensino Médio;PADRE ANDRADE;7;R. JOAQUIM ALBANO  100 , FORTALEZA;Padre Andrade, FORTALEZA, CE;-3.7344704;-38.5768774;-3.734669;-38.5794766
79;Escola Vila;;;RUA DOM SEBASTIÃO LEME, 819 , FÁTIMA, FORTALEZA , CE, 60050,220;;;Ensino Médio;FÁTIMA;7;RUA DOM SEBASTIÃO LEME  819 , FORTALEZA;Fátima, FORTALEZA, CE;-3.7490641;-38.5254524;-3.7517525;-38.5290848
80;Escola São José;;;AV. VISCONDE DO RIO BRANCO , CENTRO, FORTALEZA , CE, 60055,170;;;Ensino Médio;CENTRO;6; VISCONDE DO RIO BRANCO , FORTALEZA;Centro, FORTALEZA, CE;-3.754098;-38.5203865;-3.7281287;-38.527412
81;Colégio Alamar;;;R. NOGUEIRA ACIOLI, 952 , ALDEOTA, FORTALEZA , CE, 60110,140;;;Ensino Médio;ALDEOTA;7;R. NOGUEIRA ACIOLI  952 , FORTALEZA;Aldeota, FORTALEZA, CE;-3.7324075;-38.517758;-3.7341528;-38.5096997
82;EMEIEF Madre Teresa de Calcutá;;;R. GUILHERME MOREIRA, 75 , FÁTIMA, FORTALEZA , CE, 60040,490;;;Ensino Médio;FÁTIMA;7;R. GUILHERME MOREIRA  75 , FORTALEZA;Fátima, FORTALEZA, CE;-3.7497491;-38.5220665;-3.7517525;-38.5290848
83;CEJA Monsenhor Hélio Campos;;;AV. MONSENHOR HÉLIO CAMPOS, 251 , CRISTO REDENTOR, FORTALEZA , CE, 60336,800;;;Ensino Médio;CRISTO REDENTOR;7; MONSENHOR HÉLIO CAMPOS  251 , FORTALEZA;Cristo Redentor, FORTALEZA, CE;-3.7056607;-38.5652585;-3.7076431;-38.5650444
84;Farias Brito Jovem Central;;;R. SEN. POMPEU, 2607 , JOSÉ BONIFACIO, FORTALEZA , CE, 60025,002;;;Ensino Médio;JOSÉ BONIFACIO;7;R. SENADOR POMPEU  2607 , FORTALEZA;José Bonifacio, FORTALEZA, CE;-3.7414062;-38.5335277;-3.7394569;-38.5285591
85;Colégio Ari de Sá Cavalcante - Sede Duque de Caxias;;;AV. DUQUE DE CAXIAS, 519 , CENTRO, FORTALEZA , CE, 60035,110;;;Ensino Médio;CENTRO;7; DUQUE DE CAXIAS  519 , FORTALEZA;Centro, FORTALEZA, CE;-3.7323624;-38.5291248;-3.7281287;-38.527412
86;CEJA Paulo Freire;;;R. OLAVO BILAC, 1300 , SÃO GERARDO, FORTALEZA , CE, 63475,061;;;Ensino Médio;SÃO GERARDO;7;R. OLAVO BILAC  1300 , FORTALEZA;São Gerardo, FORTALEZA, CE;-3.8393203;-38.5252784;-3.7302419;-38.5575276
87;Christus Pré-Universitário Jovita;;;R. CRUZ SALDANHA, 614 , PARQUELÂNDIA, FORTALEZA , CE, 60450,340;;;Ensino Médio;PARQUELÂNDIA;7;R. CRUZ SALDANHA  614 , FORTALEZA;Parquelândia, FORTALEZA, CE;-3.7394311;-38.553296;-3.7377987;-38.5590543
88;EMEIF São Rafael;;;R. DOS TABAJARAS, 244 , PRAIA DE IRACEMA, FORTALEZA , CE, 60060,510;;;Ensino Médio;PRAIA DE IRACEMA;7;R. DOS TABAJARAS  244 , FORTALEZA;Praia de Iracema, FORTALEZA, CE;-3.7193324;-38.5178001;-3.7205595;-38.5084796
89;Colégio Farias Brito;;;R. BARÃO DO RIO BRANCO, 2424 , JOSÉ BONIFACIO, FORTALEZA , CE, 60025,062;;;Ensino Médio;JOSÉ BONIFACIO;7;R. BARÃO DO RIO BRANCO  2424 , FORTALEZA;José Bonifacio, FORTALEZA, CE;-3.7389302;-38.5327368;-3.7394569;-38.5285591
90;Instituto Infantil Tia Neuma;;;ALAMEDA ANA ELISA, 133 , CIDADE 2000, FORTALEZA , CE, 60190,130;;;Ensino Médio;CIDADE 2000;7;ALAMEDA ANA ELISA  133 , FORTALEZA;Cidade 2000, FORTALEZA, CE;-3.7496668;-38.4694438;-3.7501025;-38.4716231
91;EMEIEF José Ramos Torres de Melo;;;AV. DA ABOLIÇÃO, 3984 , MUCURIPE, FORTALEZA , CE, 60165,085;;;Ensino Médio;MUCURIPE;7; DA ABOLIÇÃO  3984 , FORTALEZA;Mucuripe, FORTALEZA, CE;-3.7257184;-38.483869;-3.7257065;-38.4848018
92;Colégio Salomé Bastos;;;R. DES. HERMES PARAÍBA, 1120 , VILA VELHA, FORTALEZA , CE, 60347,155;;;Ensino Médio;VILA VELHA;7;R. DESEMBARGADOR HERMES PARAÍBA  1120 , FORTALEZA;Vila Velha, FORTALEZA, CE;-3.712345;-38.5933444;-3.7124689;-38.6044591
93;EMEIF Profa. Maria Odnilra Cruz Moreira;;;AV. DAS ADENANTERAS, 800 , CIDADE 2000, FORTALEZA , CE, 60190,560;;;Ensino Médio;CIDADE 2000;7; DAS ADENANTERAS  800 , FORTALEZA;Cidade 2000, FORTALEZA, CE;-3.7558086;-38.4680372;-3.7501025;-38.4716231
94;EMTI Profa. Maria José Ferreira Gomes;;;R. CÔNEGO DE CASTRO, 8617 , PARQUE PRES. VARGAS, FORTALEZA , CE, 60713,305;;;Ensino Médio;PARQUE PRES. VARGAS;7;R. CÔNEGO DE CASTRO  8617 , FORTALEZA;Parque Presidente Vargas, FORTALEZA, CE;-3.8222969;-38.6044058;-3.8260575;-38.5997196
95;Colégio da Imaculada Conceição;;;AV. SANTOS DUMONT, 55 , CENTRO, FORTALEZA , CE, 60150,160;;;Ensino Médio;CENTRO;7; SANTOS DUMONT  55 , FORTALEZA;Centro, FORTALEZA, CE;-3.7273635;-38.5224588;-3.7281287;-38.527412
96;Colégio Rosa Gattorno;;;R. OSCAR PEDREIRA, 98 , JACARECANGA, FORTALEZA , CE, 60010,670;;;Ensino Médio;JACARECANGA;7;R. OSCAR PEDREIRA  98 , FORTALEZA;Jacarecanga, FORTALEZA, CE;-3.7225887;-38.5431312;-3.7218504;-38.5416884
97;Centro Educacional Maria Montfort;;;RUA PROFESSOR JOÃO BOSCO, 213 , PARQUE ARAXÁ, FORTALEZA , CE, 60430,690;;;Ensino Médio;PARQUE ARAXÁ;7;RUA PROFESSOR JOÃO BOSCO  213 , FORTALEZA;Parque Araxá, FORTALEZA, CE;-3.7396709;-38.545445;-3.7358577;-38.5477178
98;Externato São Vicente de Paulo;;;R. VINTE E CINCO DE MARÇO, 407 , CENTRO, FORTALEZA , CE, 60060,120;;;Ensino Médio;CENTRO;7;R. VINTE E CINCO DE MARÇO  407 , FORTALEZA;Centro, FORTALEZA, CE;-3.7276865;-38.5216805;-3.7281287;-38.527412
99;Centro Educacional José de Alencar - EJA e Supletivo Online;;;RUA DONA LEOPOLDINA, 912 , CENTRO, FORTALEZA , CE, 60110,000;;;Ensino Médio;CENTRO;7;RUA DONA LEOPOLDINA  912 , FORTALEZA;Centro, FORTALEZA, CE;-3.7329137;-38.5202643;-3.7281287;-38.527412
100;CEJA Professor Gilmar Maia de Sousa;;;R. GUILHERME ROCHA, 1055 , CENTRO, FORTALEZA , CE, 60030,140;;;Ensino Médio;CENTRO;7;R. GUILHERME ROCHA  1055 , FORTALEZA;Centro, FORTALEZA, CE;-3.7252629;-38.5332853;-3.7281287;-38.527412
101;Colégio Farias Brito Júnior Central;;;R. PADRE MIGUELINO, 1369 , CENTRO, FORTALEZA , CE, 60040,300;;;Ensino Médio;CENTRO;7;R. PADRE MIGUELINO  1369 , FORTALEZA;Centro, FORTALEZA, CE;-3.7434089;-38.5314023;-3.7281287;-38.527412
102;Colégio Ícone - Anexo;;;RUA 30 DE MARÇO, 28 , BARRA DO CEARÁ, FORTALEZA , CE, 60334,120;;;Ensino Médio;BARRA DO CEARÁ;7;RUA 30 DE MARÇO  28 , FORTALEZA;Barra do Ceará, FORTALEZA, CE;-3.7063176;-38.57033;-3.7044722;-38.5812573
103;Colégio Deoclécio Ferro;;;R. MINERVINO DE CASTRO, 987 , PARQUE ARAXÁ, FORTALEZA , CE, 60430,620;;;Ensino Médio;PARQUE ARAXÁ;7;R. MINERVINO DE CASTRO  987 , FORTALEZA;Parque Araxá, FORTALEZA, CE;-3.7401499;-38.5472658;-3.7358577;-38.5477178
104;Escola Nossa Senhora Auxiliadora;;;AVENIDA IMPERADOR, 1490 , CENTRO, FORTALEZA , CE, 60015,052;;;Ensino Médio;CENTRO;7;AVENIDA IMPERADOR  1490 , FORTALEZA;Centro, FORTALEZA, CE;-3.7339126;-38.5364876;-3.7281287;-38.527412
105;IEP;;;EDIFÍCIO PERSONALIDADE CENTER , R. BARÃO DE ARACATI, 2135 , 3º ANDAR , JOAQUIM TÁVORA (FORTALEZA), FORTALEZA , CE, 60115,082;;;Ensino Médio;JOAQUIM TÁVORA (FORTALEZA);9; R. BARÃO DE ARACATI  3º ANDAR , FORTALEZA;Joaquim Távora (Fortaleza), FORTALEZA, CE;-3.7377698;-38.5134851;-3.7446816;-38.5186105
106;Escola Espaco Ativo;;;R. ANDRADE FURTADO, 810 , COCÓ, FORTALEZA , CE, 60190,170;;;Ensino Médio;COCÓ;7;R. ANDRADE FURTADO  810 , FORTALEZA;Cocó, FORTALEZA, CE;-3.7451837;-38.482212;-3.7481588;-38.4808581
107;Colégio Adventista de Fortaleza;;;AV. DA UNIVERSIDADE, 2083 , BENFICA, FORTALEZA , CE, 60020,180;;;Ensino Médio;BENFICA;7; DA UNIVERSIDADE  2083 , FORTALEZA;Benfica, FORTALEZA, CE;-3.7364992;-38.5343321;-3.741486;-38.538855
108;Instituto Pequeno Príncipe;;;RUA CONSELHEIRO TRISTÃO, 788 , CENTRO, FORTALEZA , CE, 60050,100;;;Ensino Médio;CENTRO;7;RUA CONSELHEIRO TRISTÃO  788 , FORTALEZA;Centro, FORTALEZA, CE;-3.7470289;-38.529101;-3.7281287;-38.527412
109;EMEIEF Profa. Consuelo Amora;;;AV. DOS JANGADEIROS, 577 , VICENTE PINZON, FORTALEZA , CE, 60175,440;;;Ensino Médio;VICENTE PINZON;7; DOS JANGADEIROS  577 , FORTALEZA;Vicente Pinzon, FORTALEZA, CE;-3.723874;-38.4770822;-3.7281452;-38.4697385
110;EEEP Presidente Roosevelt;4.6;99 comentários;AV. BEZERRA DE MENEZES, 435 , FARIAS BRITO, FORTALEZA , CE, 60325,005;Escola técnica em Fortaleza, Ceará;;Ensino Médio;FARIAS BRITO;7; BEZERRA DE MENEZES  435 , FORTALEZA;Farias Brito, FORTALEZA, CE;-3.7331016;-38.5485641;-3.7296496;-38.5430883
111;Instituto Educacional Girassol;;;R. ANTÔNIO AUGUSTO, 1300 , ALDEOTA, FORTALEZA , CE, 60110,370;;;Ensino Médio;ALDEOTA;7;R. ANTÔNIO AUGUSTO  1300 , FORTALEZA;Aldeota, FORTALEZA, CE;-3.7321731;-38.514249;-3.7341528;-38.5096997
112;Escola Bedelândia;;;R. J DA PENHA, 972 , JOAQUIM TÁVORA (FORTALEZA), FORTALEZA , CE, 60110,120;;;Ensino Médio;JOAQUIM TÁVORA (FORTALEZA);7;R. J DA PENHA  972 , FORTALEZA;Joaquim Távora (Fortaleza), FORTALEZA, CE;-3.7392306;-38.5214171;-3.7446816;-38.5186105
113;EMEIEF Dom Manoel Da Silva Gomes;;;RUA SAMUEL UCHÔA, 550 , JARDIM AMÉRICA, FORTALEZA , CE, 60416,205;;;Ensino Médio;JARDIM AMÉRICA;7;RUA SAMUEL UCHÔA  550 , FORTALEZA;Jardim América, FORTALEZA, CE;-3.7545894;-38.5452298;-3.7523233;-38.5423767
114;EMEIF Frei Lauro Schwartz;;;R. ANTÔNIO POMPEU, 2005 , FARIAS BRITO, FORTALEZA , CE, 60015,107;;;Ensino Médio;FARIAS BRITO;7;R. ANTÔNIO POMPEU  2005 , FORTALEZA;Farias Brito, FORTALEZA, CE;-3.7320398;-38.5412295;-3.7296496;-38.5430883
115;EMEIEF Alba Frota;;;AV. DOM MANUEL, 914 , CENTRO, FORTALEZA , CE, 60060,090;;;Ensino Médio;CENTRO;7; DOM MANUEL  914 , FORTALEZA;Centro, FORTALEZA, CE;-3.7369211;-38.5533107;-3.7281287;-38.527412
116;Escola de Ensino Fundamental e Médio Juvenal Galeno;;;R. OTO DE ALENCAR, 193 , JACARECANGA, FORTALEZA , CE, 60010,270;;;Ensino Médio;JACARECANGA;7;R. OTO DE ALENCAR  193 , FORTALEZA;Jacarecanga, FORTALEZA, CE;-3.7239723;-38.5400802;-3.7218504;-38.5416884
117;Colégio Militar do Corpo de Bombeiros;;;R. ADRIANO MARTINS, 436 , JACARECANGA, FORTALEZA , CE, 63475,100;;;Ensino Médio;JACARECANGA;7;R. ADRIANO MARTINS  436 , FORTALEZA;Jacarecanga, FORTALEZA, CE;-3.7220845;-38.5450385;-3.7218504;-38.5416884
118;EEEP Juarez Távora;;;RUA MINISTRO JOAQUIM BASTOS, 747 , FÁTIMA, FORTALEZA , CE, 60415,040;Escola técnica em Fortaleza, Ceará;;Ensino Médio;FÁTIMA;7;RUA MINISTRO JOAQUIM BASTOS  747 , FORTALEZA;Fátima, FORTALEZA, CE;-3.7516562;-38.5312856;-3.7517525;-38.5290848
119;Centro Educacional Casa do Saber;;;AV. DAS GRAVIOLAS, 310 , CIDADE 2000, FORTALEZA , CE, 60190,600;;;Ensino Médio;CIDADE 2000;7; DAS GRAVIOLAS  310 , FORTALEZA;Cidade 2000, FORTALEZA, CE;-3.7531868;-38.4718481;-3.7501025;-38.4716231
120;EMEIEF Secretário Paulo Petrola;;;RUA MONSENHOR CARNEIRO DA CUNHA, 415 , JACARECANGA, FORTALEZA , CE, 60010,470;;;Ensino Médio;JACARECANGA;7;RUA MONSENHOR CARNEIRO DA CUNHA  415 , FORTALEZA;Jacarecanga, FORTALEZA, CE;-3.7737969;-38.4975819;-3.7218504;-38.5416884
121;EGF - Escola Grande Fortaleza;;;R. PÔRTO VELHO, 401 , JOÃO XXIII, FORTALEZA , CE, 60525,571;;;Ensino Médio;JOÃO XXIII;7;R. PÔRTO VELHO  401 , FORTALEZA;João XXIII, FORTALEZA, CE;-3.7684719;-38.5847677;-3.770292;-38.5874703
122;Colégio Adventista de Fortaleza - Educação Infantil;;;RUA MARECHAL DEODORO, 112 , BENFICA, FORTALEZA , CE, 60020,060;;;Ensino Médio;BENFICA;7;RUA MARECHAL DEODORO  112 , FORTALEZA;Benfica, FORTALEZA, CE;-3.7395054;-38.5349593;-3.741486;-38.538855
123;Colégio Cívico Militar Batalha do Riachuelo;;;R. E, 100 , MANUEL DIAS BRANCO, FORTALEZA , CE, 60191,050;;;Ensino Médio;MANUEL DIAS BRANCO;7;R. E  100 , FORTALEZA;Manuel Dias Branco, FORTALEZA, CE;-3.8082258;-38.5070181;-3.7583711;-38.4662952
124;Escola de Ensino Fundamental e Medio Presidente Roosevelt;;;AV. BEZERRA DE MENEZES, 435 , PARQUE ARAXÁ, FORTALEZA , CE, 60010,681;;;Ensino Médio;PARQUE ARAXÁ;7; BEZERRA DE MENEZES  435 , FORTALEZA;Parque Araxá, FORTALEZA, CE;-3.7331016;-38.5485641;-3.7358577;-38.5477178
125;Creche Escola Aprender;;;AV. RUI BARBOSA, 2697 , JOAQUIM TÁVORA (FORTALEZA), FORTALEZA , CE, 60135,222;;;Ensino Médio;JOAQUIM TÁVORA (FORTALEZA);7; RUI BARBOSA  2697 , FORTALEZA;Joaquim Távora (Fortaleza), FORTALEZA, CE;-3.745994;-38.5124227;-3.7446816;-38.5186105
126;Conselho Estadual de Educação;2.7;22 comentários;R. NAPOLEÃO LAUREANO, 500 , FÁTIMA, FORTALEZA , CE, 60411,170;Escritório do governo do estado em Fortaleza, Ceará;;Ensino Médio;FÁTIMA;7;R. NAPOLEÃO LAUREANO  500 , FORTALEZA;Fátima, FORTALEZA, CE;-3.7488384;-38.5285224;-3.7517525;-38.5290848
127;Colégio Professor Aragão;5.0;2 comentários;AV. DA UNIVERSIDADE, 2078 , BENFICA, FORTALEZA , CE, 60020,970;Escola de educação para adultos em Fortaleza, Ceará;;Ensino Médio;BENFICA;7; DA UNIVERSIDADE  2078 , FORTALEZA;Benfica, FORTALEZA, CE;-3.7359346;-38.5349233;-3.741486;-38.538855
128;Escola Trenzinho Feliz;;;RUA PE. CHEVALIER, 212 , JOAQUIM TÁVORA (FORTALEZA), FORTALEZA , CE, 60130,080;;;Ensino Médio;JOAQUIM TÁVORA (FORTALEZA);7;RUA PADRE CHEVALIER  212 , FORTALEZA;Joaquim Távora (Fortaleza), FORTALEZA, CE;-3.7467039;-38.518602;-3.7446816;-38.5186105
129;FAESDO;;;R. PINTO MADEIRA, 519 , CENTRO, FORTALEZA , CE, 60150,000;;;Ensino Médio;CENTRO;7;R. PINTO MADEIRA  519 , FORTALEZA;Centro, FORTALEZA, CE;-3.7312958;-38.5204462;-3.7281287;-38.527412
130;Unieducar Inteligência Educacional;;;TORRE SCOPA PLATINUM CORPORATE , R. MONSENHOR BRUNO, 1150 , 50O ANDAR , ALDEOTA, FORTALEZA , CE, 60115,190;;;Ensino Médio;ALDEOTA;9; R. MONSENHOR BRUNO , FORTALEZA;Aldeota, FORTALEZA, CE;-3.7401536;-38.511951;-3.7341528;-38.5096997
131;Colégio Magister Vestibulares;;;CENTRO, FORTALEZA , CE, 60055,100;;;Ensino Médio;CENTRO;5;CENTRO, FORTALEZA, CE;Centro, FORTALEZA, CE;-3.7281287;-38.527412;-3.7281287;-38.527412
132;Escola de Ensino Fundamental Eduardo Campos;;;R. CARNEIRO DA CUNHA, 415 , JACARECANGA, FORTALEZA , CE, 60010,470;;;Ensino Médio;JACARECANGA;7;R. CARNEIRO DA CUNHA  415 , FORTALEZA;Jacarecanga, FORTALEZA, CE;-3.7243171;-38.5433095;-3.7218504;-38.5416884
133;Colégio Universidade Integrada da Criança;;;RUA MARECHAL DEODORO, 1280 , BENFICA, FORTALEZA , CE, 60020,061;;;Ensino Médio;BENFICA;7;RUA MARECHAL DEODORO  1280 , FORTALEZA;Benfica, FORTALEZA, CE;-3.7462804;-38.5382415;-3.741486;-38.538855
134;institutolivreead gmail com;;;R. DA ASSUNÇÃO, 412 , CENTRO, FORTALEZA , CE, 60050,010;;;Ensino Médio;CENTRO;7;R. DA ASSUNÇÃO  412 , FORTALEZA;Centro, FORTALEZA, CE;-3.7336395;-38.5286094;-3.7281287;-38.527412
135;Escola de Ensino Fundamental Comunitária São Raimundo;;;R. ALEXANDRE BARAÚNA, 1450 , RODOLFO TEÓFILO, FORTALEZA , CE, 60430,160;;;Ensino Médio;RODOLFO TEÓFILO;7;R. ALEXANDRE BARAÚNA  1450 , FORTALEZA;Rodolfo Teófilo, FORTALEZA, CE;-3.7452743;-38.5542775;-3.746289;-38.5499015
136;Emeif Lenira Jurema Magalhães;;;R. TEÓFILO GURGEL, 109 , MONTE CASTELO, FORTALEZA , CE, 60325,250;;;Ensino Médio;MONTE CASTELO;7;R. TEÓFILO GURGEL  109 , FORTALEZA;Monte Castelo, FORTALEZA, CE;-3.7286393;-38.5466807;-3.7260186;-38.5502355
137;Instituto Federal de Educação, Ciência e Tecnologia do Ceará | Campus Fortaleza;;;AV. TREZE DE MAIO, 2081 , BENFICA, FORTALEZA , CE, 60040,531;;;Ensino Médio;BENFICA;7; TREZE DE MAIO  2081 , FORTALEZA;Benfica, FORTALEZA, CE;-3.7444404;-38.5361612;-3.741486;-38.538855
138;Escola Aida Santos E Silva;;;R. DR. ANTÔNIO CARNEIRO , VICENTE PINZON, FORTALEZA , CE, 60182,120;;;Ensino Médio;VICENTE PINZON;6;R. DOUTOR ANTÔNIO CARNEIRO , FORTALEZA;Vicente Pinzon, FORTALEZA, CE;-3.7255948;-38.4645459;-3.7281452;-38.4697385
139;Colégio joão pessoa;;;AV. ANTÔNIO SALES, 3510 , DIONÍSIO TORRES, FORTALEZA , CE, 60192,165;;;Ensino Médio;DIONÍSIO TORRES;7; ANTÔNIO SALES  3510 , FORTALEZA;Dionísio Torres, FORTALEZA, CE;-3.7490197;-38.4920834;-3.7480271;-38.5064872
140;Colégio da Polícia Militar do Ceará;;;AV. MISTER HULL, 3835 , ANTÔNIO BEZERRA, FORTALEZA , CE, 60356,001;;;Ensino Médio;ANTÔNIO BEZERRA;7; MISTER HULL  3835 , FORTALEZA;Antônio Bezerra, FORTALEZA, CE;-3.7383924;-38.5787055;-3.741003;-38.5913217
141;Escola de Ensino Fundamental e Medio Michelson Nob;;;R. DUARTE PIMENTEL, 3037 , SERRINHA, FORTALEZA , CE, 60742,150;;;Ensino Médio;SERRINHA;7;R. DUARTE PIMENTEL  3037 , FORTALEZA;Serrinha, FORTALEZA, CE;-3.7839726;-38.5409464;-3.7849089;-38.5424548
142;Escola Infantil e Fundamental Semear;;;R. CARVALHO MOTA, 216 , PARQUE ARAXÁ, FORTALEZA , CE, 60450,630;;;Ensino Médio;PARQUE ARAXÁ;7;R. CARVALHO MOTA  216 , FORTALEZA;Parque Araxá, FORTALEZA, CE;-3.7367056;-38.5450508;-3.7358577;-38.5477178
143;Escola Brilhar do Amanhã;;;R. HENRIQUE RABÊLO, 1377 , JOAQUIM TÁVORA (FORTALEZA), FORTALEZA , CE, 60110,540;;;Ensino Médio;JOAQUIM TÁVORA (FORTALEZA);7;R. HENRIQUE RABÊLO  1377 , FORTALEZA;Joaquim Távora (Fortaleza), FORTALEZA, CE;-3.7428897;-38.5213361;-3.7446816;-38.5186105
144;Mackenzie Polo Fortaleza;;;R. JOSÉ VILAR, 3000 , DIONÍSIO TORRES, FORTALEZA , CE, 60125,001;;;Ensino Médio;DIONÍSIO TORRES;7;R. JOSE VILAR  3000 , FORTALEZA;Dionísio Torres, FORTALEZA, CE;-3.7489482;-38.5091694;-3.7480271;-38.5064872
145;Colégio Equipe;;;R. BARÃO DO RIO BRANCO, 1684 , CENTRO, FORTALEZA , CE, 60025,060;;;Ensino Médio;CENTRO;7;R. BARÃO DO RIO BRANCO  1684 , FORTALEZA;Centro, FORTALEZA, CE;-3.7328998;-38.5306261;-3.7281287;-38.527412
146;Colegio pensado;;;AV. ZEZÉ DIOGO, 1283 , VICENTE PINZON, FORTALEZA , CE, 60182,025;;;Ensino Médio;VICENTE PINZON;7; ZEZÉ DIOGO  1283 , FORTALEZA;Vicente Pinzon, FORTALEZA, CE;-3.7183732;-38.4638971;-3.7281452;-38.4697385
147;Escola de Ensino Fundamental Almerinda de Albuquerque;;;R. ANA GONÇALVES , SÃO JOÃO DO TAUAPE, FORTALEZA , CE, 60130,490;;;Ensino Médio;SÃO JOÃO DO TAUAPE;6;R. ANA GONÇALVES , FORTALEZA;São João do Tauape, FORTALEZA, CE;-3.7590068;-38.5063124;-3.7573612;-38.5106394
148;Escola Criança Arte Viva;;;RUA PADRE FROTA, 509 , MONTE CASTELO, FORTALEZA , CE, 60325,160;;;Ensino Médio;MONTE CASTELO;7;RUA PADRE FROTA  509 , FORTALEZA;Monte Castelo, FORTALEZA, CE;-3.7291861;-38.5484601;-3.7260186;-38.5502355
149;Escola Municipal Haroldo Jorge Braun Vieira;;;AV. LAURO VIÊIRA CHAVES, 51 , AEROPORTO, FORTALEZA , CE, 60420,280;;;Ensino Médio;AEROPORTO;7; LAURO VIÊIRA CHAVES  51 , FORTALEZA;Aeroporto, FORTALEZA, CE;-3.7737167;-38.5309893;-3.7801139;-38.5415078
150;ESCOLA MARIA ALICE;;;R. RAMOS BOTELHO , PAPICU, FORTALEZA , CE, 60175,275;;;Ensino Médio;PAPICU;6;R. RAMOS BOTELHO , FORTALEZA;Papicu, FORTALEZA, CE;-3.7337465;-38.4821642;-3.7395449;-38.4753765
151;EEFM Prof Ma. Gonçalves;;;CENTRO, FORTALEZA , CE, 60050,040;;;Ensino Médio;CENTRO;5;CENTRO, FORTALEZA, CE;Centro, FORTALEZA, CE;-3.7281287;-38.527412;-3.7281287;-38.527412
152;Escola de Ensino Fundamental Conselheiro José Batista de Oliveira;;;R. GOIÁS , PANAMERICANO, FORTALEZA , CE, 60430,232;;;Ensino Médio;PANAMERICANO;6;R. GOIÁS , FORTALEZA;Panamericano, FORTALEZA, CE;-3.7514184;-38.5603618;-3.7557882;-38.5652199
153;Superintendência das Escolas Estaduais de Fortaleza - SEFOR;3.2;10 comentários;AV. GEN. AFONSO ALBUQUERQUE LIMA, S/N , CAMBEBA, FORTALEZA , CE;Repartição pública em Fortaleza, Ceará;;Ensino Médio;CAMBEBA;5; GEN. AFONSO ALBUQUERQUE LIMA, FORTALEZA;Cambeba, FORTALEZA, CE;-3.8131484;-38.4861531;-3.8066024;-38.4851322
154;Prof. Aurelio Cassiano;5.0;2 comentários;RUA BÁRBARA DE ALENCAR, 310 , CENTRO, FORTALEZA , CE, 60140,000;Consultor educacional em Fortaleza, Ceará;;Ensino Médio;CENTRO;7;RUA BÁRBARA DE ALENCAR  310 , FORTALEZA;Centro, FORTALEZA, CE;-3.7362015;-38.5195814;-3.7281287;-38.527412
155;ACADEMIA ENEM;;;R. ILDEFONSO ALBANO, 2050 , MEIRELES, FORTALEZA , CE, 60140,025;;;Ensino Médio;MEIRELES;7;R. ILDEFONSO ALBANO  2050 , FORTALEZA;Meireles, FORTALEZA, CE;-3.7375909;-38.5154033;-3.7278218;-38.5003721
156;Garagem Farias Brito NAG;;;R. CARLOS GOMES, 800 , CENTRO, FORTALEZA , CE, 60040,230;;;Ensino Médio;CENTRO;7;R. CARLOS GOMES  800 , FORTALEZA;Centro, FORTALEZA, CE;-3.7411888;-38.5276158;-3.7281287;-38.527412
157;Escola Modelo de Tempo Integral da Vacaris;;;R. ZACARIAS FLORINDO, 130 , GRANJA PORTUGAL, FORTALEZA , CE, 60545,272;;;Ensino Médio;GRANJA PORTUGAL;7;R. ZACARIAS FLORINDO  130 , FORTALEZA;Granja Portugal, FORTALEZA, CE;-3.7895415;-38.6070101;-3.7822084;-38.5997833
158;ESCOLA DE ENSINO FUNDAMENTAL NOVO CAMINHO LTDA;;;R. CRUZ ABREU, 649 , SÃO JOÃO DO TAUAPE, FORTALEZA , CE, 60130,440;;;Ensino Médio;SÃO JOÃO DO TAUAPE;7;R. CRUZ ABREU  649 , FORTALEZA;São João do Tauape, FORTALEZA, CE;-3.7574706;-38.5102;-3.7573612;-38.5106394
159;Faculdade Multiversa - Fortaleza;;;R. BARÃO DO RIO BRANCO, 2029 , CENTRO, FORTALEZA , CE, 60025,061;;;Ensino Médio;CENTRO;7;R. BARÃO DO RIO BRANCO  2029 , FORTALEZA;Centro, FORTALEZA, CE;-3.7360471;-38.531096;-3.7281287;-38.527412
160;Universidade do Parlamento Cearense;;;R. BARBOSA DE FREITAS, 2674 , ANEXO 2 , DIONÍSIO TORRES, FORTALEZA , CE, 60130,241;;;Ensino Médio;DIONÍSIO TORRES;8;R. BARBOSA DE FREITAS   , FORTALEZA;Dionísio Torres, FORTALEZA, CE;-3.7447396;-38.4999874;-3.7480271;-38.5064872
161;SINEPE-CE;2.6;5 comentários;R. SEN. POMPEU, 1381 , CENTRO, FORTALEZA , CE, 60025,000;Sindicato em Fortaleza, Ceará;;Ensino Médio;CENTRO;7;R. SENADOR POMPEU  1381 , FORTALEZA;Centro, FORTALEZA, CE;-3.7308634;-38.5305062;-3.7281287;-38.527412
162;UNICE;;;RUA DONA LEOPOLDINA, 912 , ALDEOTA, FORTALEZA , CE, 60110,001;;;Ensino Médio;ALDEOTA;7;RUA DONA LEOPOLDINA  912 , FORTALEZA;Aldeota, FORTALEZA, CE;-3.7329137;-38.5202643;-3.7341528;-38.5096997
163;CEPEP Cursos Profissionalizantes;;;RUA 24 DE MAIO, 1255 , CENTRO, FORTALEZA , CE, 60020,001;;;Ensino Médio;CENTRO;7;RUA 24 DE MAIO  1255 , FORTALEZA;Centro, FORTALEZA, CE;-3.7328542;-38.5336002;-3.7281287;-38.527412
164;Polo Fortaleza Centro;;;RUA DONA LEOPOLDINA, 912 , CENTRO, FORTALEZA , CE, 60110,001;;;Ensino Médio;CENTRO;7;RUA DONA LEOPOLDINA  912 , FORTALEZA;Centro, FORTALEZA, CE;-3.7329137;-38.5202643;-3.7281287;-38.527412
165;Gracom | School Of Visual Effects;;;R. FLORIANO PEIXOTO, 484 , CENTRO, FORTALEZA , CE, 60025,130;;;Ensino Médio;CENTRO;7;R. FLORIANO PEIXOTO  484 , FORTALEZA;Centro, FORTALEZA, CE;-3.7267067;-38.5271021;-3.7281287;-38.527412
166;Faculdade CDL - A melhor escola de negócios do Ceará;;;R. VINTE E CINCO DE MARÇO, 780 , CENTRO, FORTALEZA , CE, 60060,120;;;Ensino Médio;CENTRO;7;R. VINTE E CINCO DE MARÇO  780 , FORTALEZA;Centro, FORTALEZA, CE;-3.7308252;-38.5232322;-3.7281287;-38.527412
167;Associação de Educação Católica do Ceará;5.0;Um comentário;R. EUGÊNIO PÔRTO, 71 , FÁTIMA, FORTALEZA , CE, 60055,290;Associação em Fortaleza, Ceará;;Ensino Médio;FÁTIMA;7;R. EUGÊNIO PÔRTO  71 , FORTALEZA;Fátima, FORTALEZA, CE;-3.7434936;-38.5231973;-3.7517525;-38.5290848
168;Cruzeiro do Sul Virtual - Polo HUB Fortaleza;;;R. VINTE E CINCO DE MARÇO, 280 , CENTRO, FORTALEZA , CE, 60060,120;;;Ensino Médio;CENTRO;7;R. VINTE E CINCO DE MARÇO  280 , FORTALEZA;Centro, FORTALEZA, CE;-3.7264276;-38.5218086;-3.7281287;-38.527412
169;CIEE Fortaleza;4.1;779 comentários;R. MONSENHOR BRUNO, 1153 , MEIRELES, FORTALEZA , CE, 60115,191;Organização sem fins lucrativos em Fortaleza, Ceará;;Ensino Médio;MEIRELES;7;R. MONSENHOR BRUNO  1153 , FORTALEZA;Meireles, FORTALEZA, CE;-3.7329525;-38.5094642;-3.7278218;-38.5003721
170;Edições IPDH - Grafica Editora e Serviço;4.3;6 comentários;AV. DOS FLAMBOYANTS, 124 , CIDADE 2000, FORTALEZA , CE, 60190,570;Editora em Fortaleza, Ceará;;Ensino Médio;CIDADE 2000;7; DOS FLAMBOYANTS  124 , FORTALEZA;Cidade 2000, FORTALEZA, CE;-3.7485683;-38.4752366;-3.7501025;-38.4716231
171;Clauder Ciarlini Filho & Cia;;;R. BARÃO DE ARATANHA, 51 , CENTRO, FORTALEZA , CE, 60050,070;;;Ensino Médio;CENTRO;7;R. BARÃO DE ARATANHA  51 , FORTALEZA;Centro, FORTALEZA, CE;-3.7333929;-38.5262924;-3.7281287;-38.527412
172;Centro Universitário Estácio do Ceará - Campus Centro;;;AV. DUQUE DE CAXIAS, 101 , CENTRO, FORTALEZA , CE, 60035,111;;;Ensino Médio;CENTRO;7; DUQUE DE CAXIAS  101 , FORTALEZA;Centro, FORTALEZA, CE;-3.7338169;-38.5252348;-3.7281287;-38.527412
173;Academia Vera Passos;;;RUA DR. RIBAMAR LOBO, 469 , COCÓ, FORTALEZA , CE, 60192,230;;15 min a 1 h;Ensino Médio;COCÓ;7;RUA DOUTOR RIBAMAR LOBO  469 , FORTALEZA;Cocó, FORTALEZA, CE;-3.7477166;-38.468374;-3.7481588;-38.4808581
174;Centro de Ensino Superior Ratio;;;AV. VISCONDE DO RIO BRANCO, 28 , CENTRO, FORTALEZA , CE, 60325,680;;;Ensino Médio;CENTRO;7; VISCONDE DO RIO BRANCO  28 , FORTALEZA;Centro, FORTALEZA, CE;-3.754098;-38.5203865;-3.7281287;-38.527412
175;Ice Estagios e Integraçao Estudantil Ltda-me;4.2;33 comentários;RUA SOLON PINHEIRO, 550 , CENTRO, FORTALEZA , CE, 60050,040;Agência de empregos em Fortaleza, Ceará;;Ensino Médio;CENTRO;7;RUA SOLON PINHEIRO  550 , FORTALEZA;Centro, FORTALEZA, CE;-3.7351364;-38.5281459;-3.7281287;-38.527412
176;Livraria Evangélica Alfa e Ômega;4.0;2 comentários;R. GEN. SAMPAIO, 1525 , CENTRO, FORTALEZA , CE, 60020,031;Livraria em Fortaleza, Ceará;;Ensino Médio;CENTRO;7;R. GEN. SAMPAIO  1525 , FORTALEZA;Centro, FORTALEZA, CE;-3.7319735;-38.5319157;-3.7281287;-38.527412
177;Escola Vila Piaget;;;AV. BARÃO DE STUDART, 1400 , ALDEOTA, FORTALEZA , CE, 60120,024;;;Ensino Médio;ALDEOTA;7; BARÃO DE STUDART  1400 , FORTALEZA;Aldeota, FORTALEZA, CE;-3.7450317;-38.5102362;-3.7341528;-38.5096997
178;Colégio Capital;;;AVENIDA IMPERADOR, 372 , CENTRO, FORTALEZA , CE, 60015,051;;;Ensino Médio;CENTRO;7;AVENIDA IMPERADOR  372 , FORTALEZA;Centro, FORTALEZA, CE;-3.7243917;-38.5339805;-3.7281287;-38.527412
179;Seminário Teológico Evangélico da Assembléia de Deus;;;R. TEREZA CRISTINA, 673 , CENTRO, FORTALEZA , CE, 60015,140;;;Ensino Médio;CENTRO;7;R. TEREZA CRISTINA  673 , FORTALEZA;Centro, FORTALEZA, CE;-3.7265824;-38.5363109;-3.7281287;-38.527412
180;Colégio público;;;CENTRO, FORTALEZA , CE, 60191,156;;;Ensino Médio;CENTRO;5;CENTRO, FORTALEZA, CE;Centro, FORTALEZA, CE;-3.7281287;-38.527412;-3.7281287;-38.527412
181;Paulus Livraria - Fortaleza;4.8;509 comentários;R. FLORIANO PEIXOTO, 523 , CENTRO, FORTALEZA , CE, 60025,130;Livraria em Fortaleza, Ceará;45 min;Ensino Médio;CENTRO;7;R. FLORIANO PEIXOTO  523 , FORTALEZA;Centro, FORTALEZA, CE;-3.7271454;-38.5268127;-3.7281287;-38.527412
182;"Casa do Jordy Dias ;D";;;GENTILÂNDIA, FORTALEZA , CE, 60020,061;;;Ensino Médio;GENTILÂNDIA;5;GENTILÂNDIA, FORTALEZA;Gentilândia, FORTALEZA, CE;-3.7462532;-38.5406054;-3.7462532;-38.5406054
183;Fortaleza Ceará;;;AV. BERNARDO MANUEL, 7200 , SERRINHA, FORTALEZA , CE, 60741,280;;;Ensino Médio;SERRINHA;7; BERNARDO MANUEL  7200 , FORTALEZA;Serrinha, FORTALEZA, CE;-3.7813132;-38.5462998;-3.7849089;-38.5424548
184;Ceará;5.0;Um comentário;AV. WASHINGTON SOARES, 999 , EDSON QUEIROZ, FORTALEZA , CE, 60811,341;Agência de turismo em Fortaleza, Ceará;;Ensino Médio;EDSON QUEIROZ;7; WASHINGTON SOARES  999 , FORTALEZA;Edson Queiroz, FORTALEZA, CE;-3.7645321;-38.4804211;-3.7777657;-38.4623898
185;ensino a distancia;;;AV. VISCONDE DO RIO BRANCO, 1998 , FÁTIMA, FORTALEZA , CE, 60110,001;;;Ensino Médio;FÁTIMA;7; VISCONDE DO RIO BRANCO  1998 , FORTALEZA;Fátima, FORTALEZA, CE;-3.7384709;-38.5238036;-3.7517525;-38.5290848
186;CRQ 10° Região - Conselho Regional de Química-CE;4.6;81 comentários;R. FLORIANO PEIXOTO, 2020 , JOSÉ BONIFACIO, FORTALEZA , CE, 60025,131;Organização não governamental em Fortaleza, Ceará;;Ensino Médio;JOSÉ BONIFACIO;7;R. FLORIANO PEIXOTO  2020 , FORTALEZA;José Bonifacio, FORTALEZA, CE;-3.7401463;-38.5315334;-3.7394569;-38.5285591
187;Fortaleza Ceará;;;AV. DA ABOLIÇÃO , MEIRELES, FORTALEZA , CE, 60125,160;;;Ensino Médio;MEIRELES;6; DA ABOLIÇÃO , FORTALEZA;Meireles, FORTALEZA, CE;-3.7305006;-38.5032069;-3.7278218;-38.5003721
188;Fortaleza Ceará;;;R. BEATRIZ, 365 , CAJAZEIRAS, FORTALEZA , CE, 60862,700;;;Ensino Médio;CAJAZEIRAS;7;R. BEATRIZ  365 , FORTALEZA;Cajazeiras, FORTALEZA, CE;-3.8156136;-38.5044944;-3.8036185;-38.5086081
189;Armazéns Guanabara;4.4;196 comentários;R. MAJOR FACUNDO, 126 , CENTRO, FORTALEZA , CE, 60025,100;Loja de tecidos em Fortaleza, Ceará;15-45 min;Ensino Médio;CENTRO;7;R. MAJOR FACUNDO  126 , FORTALEZA;Centro, FORTALEZA, CE;-3.7343873;-38.5300455;-3.7281287;-38.527412
190;IESF;;;RUA DONA LEOPOLDINA, 912 , CENTRO, FORTALEZA , CE, 60110,010;;;Ensino Médio;CENTRO;7;RUA DONA LEOPOLDINA  912 , FORTALEZA;Centro, FORTALEZA, CE;-3.7329137;-38.5202643;-3.7281287;-38.527412
191;escola Tecnica De Ensino;;;AV. TRISTÃO GONÇALVES , CENTRO, FORTALEZA , CE, 60015,001;;;Ensino Médio;CENTRO;6; TRISTÃO GONÇALVES , FORTALEZA;Centro, FORTALEZA, CE;-3.7284959;-38.5336256;-3.7281287;-38.527412
192;Fortaleza Ceará;;;RUA NOSSA SENHORA DE FÁTIMA, 1827 , CANINDEZINHO, FORTALEZA , CE, 60731,455;;;Ensino Médio;CANINDEZINHO;7;RUA NOSSA SENHORA DE FÁTIMA  1827 , FORTALEZA;Canindezinho, FORTALEZA, CE;-3.8197833;-38.4912767;-3.8125244;-38.6032973
193;Museu da Indústria;4.8;1.110 comentários;R. DR. JOÃO MOREIRA, 143 , CENTRO, FORTALEZA , CE, 60030,000;Museu em Fortaleza, Ceará;;Ensino Médio;CENTRO;7;R. DOUTOR JOÃO MOREIRA  143 , FORTALEZA;Centro, FORTALEZA, CE;-3.7234473;-38.5260137;-3.7281287;-38.527412
194;Marco De Revolucao Colegio;;;R. CECIL SALGADO, 482 , JARDIM GUANABARA, FORTALEZA , CE, 60346,205;;;Ensino Médio;JARDIM GUANABARA;7;R. CECIL SALGADO  482 , FORTALEZA;Jardim Guanabara, FORTALEZA, CE;-3.7229916;-38.5932723;-3.7239106;-38.5902646
195;Teatro Sesc Emiliano Queiroz;4.7;198 comentários;AV. DUQUE DE CAXIAS, 1701 , CENTRO, FORTALEZA , CE, 60035,111;Teatro em Fortaleza, Ceará;;Ensino Médio;CENTRO;7; DUQUE DE CAXIAS  1701 , FORTALEZA;Centro, FORTALEZA, CE;-22.6649743;-43.2693766;-3.7281287;-38.527412
196;Daniel Santos Fotografia;5.0;Um comentário;R. EDUARDO SALGADO, 412 , 10 , ALDEOTA, FORTALEZA , CE, 60150,140;Fotógrafo em Fortaleza, Ceará;;Ensino Médio;ALDEOTA;8;R. EDUARDO SALGADO  10 , FORTALEZA;Aldeota, FORTALEZA, CE;-3.734004;-38.5087744;-3.7341528;-38.5096997
197;Colegio Master Centro;;;R. BARÃO DE ARATANHA, 98 , CENTRO, FORTALEZA , CE, 60050,070;;;Ensino Médio;CENTRO;7;R. BARÃO DE ARATANHA  98 , FORTALEZA;Centro, FORTALEZA, CE;-3.7352199;-38.52715;-3.7281287;-38.527412
198;Departamento de Ensino Médio e Licenciatura;;;AV. TREZE DE MAIO, 2158 , FÁTIMA, FORTALEZA , CE, 60040,531;;;Ensino Médio;FÁTIMA;7; TREZE DE MAIO  2158 , FORTALEZA;Fátima, FORTALEZA, CE;-3.7433572;-38.5360196;-3.7517525;-38.5290848
199;Colégio Capital;;;AV. TREZE DE MAIO, 1255 , BENFICA, FORTALEZA , CE, 60020,001;;;Ensino Médio;BENFICA;7; TREZE DE MAIO  1255 , FORTALEZA;Benfica, FORTALEZA, CE;-3.7492191;-38.5290119;-3.741486;-38.538855
200;Colégio;;;R. AURISTELA MAIA FARIAS, 1060,1064 , LUCIANO CAVALCANTE, FORTALEZA , CE, 60811,170;;;Ensino Médio;LUCIANO CAVALCANTE;8;R. AURISTELA MAIA FARIAS 1064 , FORTALEZA;Luciano Cavalcante, FORTALEZA, CE;-3.7726611;-38.4916075;-3.3458203;-39.1263055
201;Supletivo Solução;;;AV. DUQUE DE CAXIAS, 345 , 103 , CENTRO, FORTALEZA , ESPÍRITO SANTO, 29230,000;;;Ensino Médio;CENTRO;8; DUQUE DE CAXIAS  103 , FORTALEZA;Centro, FORTALEZA, CE;-22.6649743;-43.2693766;-3.7281287;-38.527412
202;Colegio;;;AV. FILOMENO GOMES, 291 , JACARECANGA, FORTALEZA , CE, 60010,280;;;Ensino Médio;JACARECANGA;7; FILOMENO GOMES  291 , FORTALEZA;Jacarecanga, FORTALEZA, CE;-3.7195577;-38.5415134;-3.7218504;-38.5416884
203;Colégio Anabatista;;;R. JOÃO CORDEIRO, 2676 , JOAQUIM TÁVORA (FORTALEZA), FORTALEZA , CE, 60110,301;;;Ensino Médio;JOAQUIM TÁVORA (FORTALEZA);7;R. JOÃO CORDEIRO  2676 , FORTALEZA;Joaquim Távora (Fortaleza), FORTALEZA, CE;-3.7437079;-38.5192393;-3.7446816;-38.5186105
204;Conselho Escolar da Escola de Primeiro Grau José R;;;AV. DA ABOLIÇÃO, 3084 , MUCURIPE, FORTALEZA , CE, 60165,085;;;Ensino Médio;MUCURIPE;7; DA ABOLIÇÃO  3084 , FORTALEZA;Mucuripe, FORTALEZA, CE;-3.7305006;-38.5032069;-3.7257065;-38.4848018
205;Reforco Escolar;;;R. BARÃO DE ARACATI , JOAQUIM TÁVORA (FORTALEZA), FORTALEZA , CE, 60115,082;;;Ensino Médio;JOAQUIM TÁVORA (FORTALEZA);6;R. BARÃO DE ARACATI , FORTALEZA;Joaquim Távora (Fortaleza), FORTALEZA, CE;-3.7324896;-38.5117912;-3.7446816;-38.5186105
206;escola municipal;;;TV. PARAÍSO, 172 , CAMBEBA, FORTALEZA , CE;;;Ensino Médio;CAMBEBA;5;TV. PARAÍSO, FORTALEZA;Cambeba, FORTALEZA, CE;-3.8090578;-38.4811765;-3.8066024;-38.4851322
207;Escola de Educação Integrada;;;R. EDUARDO GARCIA, 833 , ALDEOTA, FORTALEZA , CE, 60150,120;;;Ensino Médio;ALDEOTA;7;R. EDUARDO GARCIA  833 , FORTALEZA;Aldeota, FORTALEZA, CE;-3.7412582;-38.4895771;-3.7341528;-38.5096997
208;Paulo Meireles Barguil;;;R. WALDERY UCHÔA, 01 , BENFICA, FORTALEZA , CE, 60020,110;;;Ensino Médio;BENFICA;7;R. WALDERY UCHÔA  01 , FORTALEZA;Benfica, FORTALEZA, CE;-3.7442161;-38.5390705;-3.741486;-38.538855
209;Eiei Escolas Integradas de Educacional Infant;;;RUA GENERAL DUTRA, 79 , VARJOTA, FORTALEZA , CE, 60175,220;;;Ensino Médio;VARJOTA;7;RUA GENERAL DUTRA  79 , FORTALEZA;Varjota, FORTALEZA, CE;-3.7323637;-38.4865279;-3.7343231;-38.4860733
210;Escola Lagoa Redonda;;;LAGOA REDONDA, FORTALEZA , CE;;;Ensino Médio;LAGOA REDONDA;3;LAGOA REDONDA, FORTALEZA , CE;Lagoa Redonda, FORTALEZA, CE;-3.825306;-38.4605115;-3.825306;-38.4605115
211;Yakoi dj Coutinho;;;AV. DUQUE DE CAXIAS , CENTRO, FORTALEZA , CE, 60050,040;;;Ensino Médio;CENTRO;6; DUQUE DE CAXIAS , FORTALEZA;Centro, FORTALEZA, CE;-22.6649743;-43.2693766;-3.7281287;-38.527412
212;Revista Entrepalavras;;;AV. DA UNIVERSIDADE, 2683 , BENFICA, FORTALEZA , CE, 60020,181;;;Ensino Médio;BENFICA;7; DA UNIVERSIDADE  2683 , FORTALEZA;Benfica, FORTALEZA, CE;-3.7404974;-38.5389854;-3.741486;-38.538855
213;Supletivo J. Oliveira - Sede Messejana;;;AV. JORNALISTA TOMAZ COELHO, 03 , ALTOS , MESSEJANA, FORTALEZA , CE, 60871,040;;;escola primária;MESSEJANA;8;JORNALISTA TOMAZ COELHO 03, FORTALEZA;Messejana, FORTALEZA, CE;-3.8282374;-38.5137677;-3.8266615;-38.4935167
214;Escola Municipal Projeto Nascente;;;R. BETEL, 1715 , ITAPERI, FORTALEZA , CE, 60714,230;;;escola primária;ITAPERI;7;R. BETEL  1715 , FORTALEZA;Itaperi, FORTALEZA, CE;-3.8000712;-38.5571755;-3.7890448;-38.5506888
215;Escola Espaço da Criança Maria do Carmo;;;RUA ENGENHEIRO PAULO CÉSAR BARBOSA, 107 , EDSON QUEIROZ, FORTALEZA , CE, 60811,750;;;escola primária;EDSON QUEIROZ;7;RUA ENGENHEIRO PAULO CÉSAR BARBOSA  107 , FORTALEZA;Edson Queiroz, FORTALEZA, CE;-3.7746692;-38.4763653;-3.7777657;-38.4623898
216;EMEIF Ismael Pordeus;;;AV. DES. FAUSTINO DE ALBUQUERQUE, 511 , JARDIM DAS OLIVEIRAS, FORTALEZA , CE, 60821,440;;;escola primária;JARDIM DAS OLIVEIRAS;7; DESEMBARGADOR FAUSTINO DE ALBUQUERQUE  511 , FORTALEZA;Jardim Das Oliveiras, FORTALEZA, CE;-3.7840478;-38.4985286;-3.7822009;-38.5032877
217;Creche Escola Proativa Baby;;;R. OSVALDO CRUZ, 3276 , DIONÍSIO TORRES, FORTALEZA , CE, 60120,325;;;escola primária;DIONÍSIO TORRES;7;R. OSVALDO CRUZ  3276 , FORTALEZA;Dionísio Torres, FORTALEZA, CE;-3.7439603;-38.5030146;-3.7480271;-38.5064872
218;EMEIEF Profa. Edith Braga;;;R. CAP. VASCONCELOS, 1061 , AEROLÂNDIA, FORTALEZA , CE, 60850,680;;;escola primária;AEROLÂNDIA;7;R. CAP. VASCONCELOS  1061 , FORTALEZA;Aerolândia, FORTALEZA, CE;-3.770991;-38.5159553;-3.7748893;-38.5135783
219;Berçário e Creche Escola Aurora;;;R. REPÚBLICA DA ARMÊNIA, 930 , PARQUE MANIBURA, FORTALEZA , CE, 60821,760;;;escola primária;PARQUE MANIBURA;7;R. REPÚBLICA DA ARMÊNIA  930 , FORTALEZA;Parque Manibura, FORTALEZA, CE;-3.7905391;-38.4815664;-3.7916672;-38.4861101
220;EMEIEF Gustavo Barroso;;;R. ERETIDES MARTINS, 26 , SÃO GERARDO, FORTALEZA , CE, 60320,350;;;escola primária;SÃO GERARDO;7;R. ERETIDES MARTINS  26 , FORTALEZA;São Gerardo, FORTALEZA, CE;-3.7327024;-38.5578905;-3.7302419;-38.5575276
221;EMEIEF Professor Luís Costa;;;R. JOSÉ GUILHERME DA COSTA, 156 , LUCIANO CAVALCANTE, FORTALEZA , CE, 60811,320;;;escola primária;LUCIANO CAVALCANTE;7;JAIME LEONEL, FORTALEZA;Luciano Cavalcante, FORTALEZA, CE;-3.7739159;-38.4968147;-3.3458203;-39.1263055
222;EEFM Félix de Azevedo;;;RUA MONSENHOR FURTADO, 757 , RODOLFO TEÓFILO, FORTALEZA , CE, 63475,103;;;escola primária;RODOLFO TEÓFILO;7;RUA MONSENHOR FURTADO  757 , FORTALEZA;Rodolfo Teófilo, FORTALEZA, CE;-3.7457269;-38.548495;-3.746289;-38.5499015
223;Escola Municipal Jesus Cristo;;;R. ALBERTO FERREIRA, 564 , JARDIM IRACEMA, FORTALEZA , CE, 60341,140;;;escola primária;JARDIM IRACEMA;7;R. ALBERTO FERREIRA  564 , FORTALEZA;Jardim Iracema, FORTALEZA, CE;-3.7219373;-38.5834176;-3.7213636;-38.5838061
224;EEFM Patronato Sagrada Família;;;R. MARTINS NETO, 379 , ANTÔNIO BEZERRA, FORTALEZA , CE, 63475,108;;;escola primária;ANTÔNIO BEZERRA;7;R. MARTINS NETO  379 , FORTALEZA;Antônio Bezerra, FORTALEZA, CE;-3.7407451;-38.5891017;-3.741003;-38.5913217
225;EEEP Joaquim Nogueira;;;R. MOREIRA DE SOUSA, 327 , PARQUELÂNDIA, FORTALEZA , CE, 60450,080;;;escola primária;PARQUELÂNDIA;7;R. MOREIRA DE SOUSA  327 , FORTALEZA;Parquelândia, FORTALEZA, CE;-3.739199;-38.5663397;-3.7377987;-38.5590543
226;EMEIRF José Carlos da Costa Ribeiro;;;R. PIO SARAÍVA, 335 , QUINTINO CUNHA, FORTALEZA , CE, 60352,470;;;escola primária;QUINTINO CUNHA;7;R. PIO SARAÍVA  335 , FORTALEZA;Quintino Cunha, FORTALEZA, CE;-3.7371626;-38.5990555;-3.7293157;-38.6016063
227;Escola Municipal Antônio Correia Lima;;;R. DES. HERMES PARAÍBA, 934 , VILA VELHA, FORTALEZA , CE, 60347,155;;;escola primária;VILA VELHA;7;R. DESEMBARGADOR HERMES PARAÍBA  934 , FORTALEZA;Vila Velha, FORTALEZA, CE;-3.7139196;-38.5876918;-3.7124689;-38.6044591
228;EEFM Padre Marcelino Champagnat;;;R. DAURA, 120 , BARROSO, FORTALEZA , CE, 60862,760;;;escola primária;BARROSO;7;R. DAURA  120 , FORTALEZA;Barroso, FORTALEZA, CE;-3.8207494;-38.5164719;-3.8217147;-38.5125515
229;EEEP Jaime Alencar de Oliveira;;;AV. ROGACIANO LEITE, 2285 , LUCIANO CAVALCANTE, FORTALEZA , CE, 60821,075;;;escola primária;LUCIANO CAVALCANTE;7; ROGACIANO LEITE  2285 , FORTALEZA;Luciano Cavalcante, FORTALEZA, CE;-3.7747112;-38.498422;-3.3458203;-39.1263055
230;Escola Municipal Francisco Das Chagas De Farias;;;R. DES. HERMES PARAÍBA, 135 , BARRA DO CEARÁ, FORTALEZA , CE, 60330,142;;;escola primária;BARRA DO CEARÁ;7;R. DESEMBARGADOR HERMES PARAÍBA  135 , FORTALEZA;Barra do Ceará, FORTALEZA, CE;-3.714419;-38.5849873;-3.7044722;-38.5812573
231;Escola de Saúde Pública do Ceará (ESP/CE);;;AV. ANTÔNIO JUSTA, 3161 , MEIRELES, FORTALEZA , CE, 60165,090;;;escola primária;MEIRELES;7; ANTÔNIO JUSTA  3161 , FORTALEZA;Meireles, FORTALEZA, CE;-3.7278336;-38.4926958;-3.7278218;-38.5003721
232;EMEIF Prof. José Valdevino de Carvalho;;;R. GUARÁ, 98 , PARANGABA, FORTALEZA , CE, 60740,140;;;escola primária;PARANGABA;7;R. GUARÁ  98 , FORTALEZA;Parangaba, FORTALEZA, CE;-3.7763677;-38.5589181;-3.7771465;-38.5671367
233;Colégio Menezes e Sousa;;;AV. BULEVAR I, CONJ. SÃO CRISTÓVÃO, 98 , JANGURUSSU, FORTALEZA , CE, 60866,280;;;escola primária;JANGURUSSU;8; BULEVAR I  98 , FORTALEZA;Jangurussu, FORTALEZA, CE;-3.8340658;-38.5179815;-3.8480351;-38.5173956
234;Escola Siqueira;;;R. P, 100 , SIQUEIRA, FORTALEZA , CE, 60714,222;;;escola primária;SIQUEIRA;7;R. P  100 , FORTALEZA;Siqueira, FORTALEZA, CE;-3.8374797;-38.5532983;-3.8112294;-38.6185398
235;EEEP Professor Joaquim Antônio Albano;;;R. JÚLIO SIQUEIRA, 390 , DIONÍSIO TORRES, FORTALEZA , CE, 60120,320;;;escola primária;DIONÍSIO TORRES;7;R. JÚLIO SIQUEIRA  390 , FORTALEZA;Dionísio Torres, FORTALEZA, CE;-3.7495449;-38.5100489;-3.7480271;-38.5064872
236;Colégio Imperial - Mucuripe;;;R. OSMUNDO CAVALCANTE DE OLIVEIRA, 54 , MUCURIPE, FORTALEZA , CE, 60175,552;;;escola primária;MUCURIPE;7;R. OSMUNDO CAVALCANTE DE OLIVEIRA  54 , FORTALEZA;Mucuripe, FORTALEZA, CE;-3.7261528;-38.4767849;-3.7257065;-38.4848018
237;Colégio José de Alencar (Sede Prime);;;RUA HUGO VÍTOR, 730 , ANTÔNIO BEZERRA, FORTALEZA , CE, 60360,820;;;escola primária;ANTÔNIO BEZERRA;7;RUA HUGO VÍTOR  730 , FORTALEZA;Antônio Bezerra, FORTALEZA, CE;-3.7464727;-38.5912494;-3.741003;-38.5913217
238;EEFM dom Hélder Câmara;;;R. ROSINHA SAMPAIO, 1157 , QUINTINO CUNHA, FORTALEZA , CE, 63475,101;;;escola primária;QUINTINO CUNHA;7;R. ROSINHA SAMPAIO  1157 , FORTALEZA;Quintino Cunha, FORTALEZA, CE;-3.7269976;-38.5891803;-3.7293157;-38.6016063
239;EEFM Polivalente Modelo de Fortaleza;;;AV. A, 482 , PREF. JOSÉ WALTER, FORTALEZA , CE, 60750,000;;;escola primária;PREF. JOSÉ WALTER;7; A  482 , FORTALEZA;Prefeito José Walter, FORTALEZA, CE;-3.7304512;-38.5217989;-3.8399529;-38.5477935
240;Escolinha Sonho Meu;;;TV. DA PALMA, 60 , MESSEJANA, FORTALEZA , CE, 60841,525;;;escola primária;MESSEJANA;7;TV. DA PALMA  60 , FORTALEZA;Messejana, FORTALEZA, CE;-3.8157671;-38.4925912;-3.8266615;-38.4935167
241;Escola Messejana;;;AV. TREZE DE MAIO , BENFICA, FORTALEZA , CE;;;escola primária;MESSEJANA;4; TREZE DE MAIO , BENFICA, FORTALEZA , CE;Messejana, FORTALEZA, CE;-3.7404742;-38.5396336;-3.8266615;-38.4935167
242;EEEP Ícaro de Sousa Moreira;;;R. JOSÉ MARTINS, 2268 , GRANJA LISBOA, FORTALEZA , CE, 60540,545;;;escola primária;GRANJA LISBOA;7;R. JOSE MARTINS  2268 , FORTALEZA;Granja Lisboa, FORTALEZA, CE;-3.7886033;-38.6026991;-3.7873099;-38.61772
243;Colégio Cearense Total;;;AV. D, 85 , CONJ. ESPERANÇA, FORTALEZA , CE, 60763,470;;;escola primária;CONJ. ESPERANÇA;7; D  85 , FORTALEZA;Conj. Esperança, FORTALEZA, CE;-3.7304512;-38.5217989;-3.8172692;-38.5886046
244;Escola municipal São Carlos;;;TV. BRASIL, 116 , QUINTINO CUNHA, FORTALEZA , CE, 60352,480;;;escola primária;QUINTINO CUNHA;7;TV. BRASIL  116 , FORTALEZA;Quintino Cunha, FORTALEZA, CE;-3.7375332;-38.5983711;-3.7293157;-38.6016063
245;EEFM Deputado Joaci Pereira;;;R. PEDRO JORGE, S/N , PLANALTO AYRTON SENNA, FORTALEZA , CE, 60760,445;;;escola primária;PLANALTO AYRTON SENNA;7;R. PEDRO JORGE  S/N , FORTALEZA;Planalto Ayrton Senna, FORTALEZA, CE;-3.8330356;-38.5680842;-3.8352124;-38.5725796
246;Escola Messejana;;;AV. 24 DE NOVEMBRO, 673 , MESSEJANA, FORTALEZA , CE, 60841,700;;;escola primária;MESSEJANA;7; 24 DE NOVEMBRO  673 , FORTALEZA;Messejana, FORTALEZA, CE;-3.8213267;-38.4910983;-3.8266615;-38.4935167
247;escola;;;RUA JOSÉ DE BARCELOS, 750 , PARQUE ARAXÁ, FORTALEZA , CE, 60450,510;;;escola primária;PARQUE ARAXÁ;7;RUA JOSE DE BARCELOS  750 , FORTALEZA;Parque Araxá, FORTALEZA, CE;-3.7372688;-38.5503134;-3.7358577;-38.5477178
248;Colégio Luna Rangel;;;R. VITÓRIA, 1126 , HENRIQUE JORGE, FORTALEZA , CE, 60521,075;;;escola primária;HENRIQUE JORGE;7;R. VITÓRIA  1126 , FORTALEZA;Henrique Jorge, FORTALEZA, CE;-3.7624188;-38.5873439;-3.7623671;-38.5852866
249;Escola de Educação Infantil E;;;RUA PADRE AMBRÓSIO MACHADO, 4 , VILA UNIÃO, FORTALEZA , CE, 60410,355;;;escola primária;VILA UNIÃO;7;RUA PADRE AMBRÓSIO MACHADO  4 , FORTALEZA;Vila União, FORTALEZA, CE;-3.7610898;-38.5391469;-3.7673154;-38.5355598
250;Colegio Fray Luis Amigo;;;CONJ. CEARÁ, FORTALEZA , CE, 60533,594;;;escola primária;CONJ. CEARÁ;5;CONJ. CEARÁ, FORTALEZA;Conj. Ceará, FORTALEZA, CE;-3.8095467;-38.5839444;-3.8095467;-38.5839444
251;Centro Educacional Santa Mônica;;;R. VALÉRIA, 306 , BARROSO, FORTALEZA , CE, 60862,820;;;escola primária;BARROSO;7;R. VALÉRIA  306 , FORTALEZA;Barroso, FORTALEZA, CE;-23.6076303;-46.4328707;-3.8217147;-38.5125515
252;Creche Escola Mundo da Fantasia | Aldeota;;;R. ILDEFONSO ALBANO, 1171 , ALDEOTA, FORTALEZA , CE, 60115,000;;;escola primária;ALDEOTA;7;R. ILDEFONSO ALBANO  1171 , FORTALEZA;Aldeota, FORTALEZA, CE;-3.7311054;-38.5123342;-3.7341528;-38.5096997
253;Escola Guararapes;;;RUA ALBERTO FEITOSA LIMA, 328 , GUARARAPES, FORTALEZA , CE, 60810,018;;;escola primária;GUARARAPES;7;RUA ALBERTO FEITOSA LIMA  328 , FORTALEZA;Guararapes, FORTALEZA, CE;-3.7638294;-38.4843227;-3.7633869;-38.4886693
254;Secretaria Municipal de Educação de Fortaleza;3.5;95 comentários;AV. DESEMBARGADOR MOREIRA, 2875 , DIONÍSIO TORRES, FORTALEZA , CE, 60170,002;Ministério da educação em Fortaleza, Ceará;;escola primária;DIONÍSIO TORRES;7; DESEMBARGADOR MOREIRA  2875 , FORTALEZA;Dionísio Torres, FORTALEZA, CE;-3.751723;-38.5030421;-3.7480271;-38.5064872
255;CEAP-Clínica Escola de Atenção Primária;5.0;Um comentário;R. LUÍS DE MIRANDA, 536 , BENFICA, FORTALEZA , CE, 60015,330;Médico em Fortaleza, Ceará;;escola primária;BENFICA;7;R. LUÍS DE MIRANDA  536 , FORTALEZA;Benfica, FORTALEZA, CE;-3.737531;-38.5398748;-3.741486;-38.538855
256;Seven Educação;;;AVENIDA IMPERADOR, 852 , CENTRO, FORTALEZA , CE, 60015,050;;;escola primária;CENTRO;7;AVENIDA IMPERADOR  852 , FORTALEZA;Centro, FORTALEZA, CE;-3.7285742;-38.5352259;-3.7281287;-38.527412
257;Unidade De Atenção Primária À Saúde-UAPS Francisco Edmilson Pinheiro;;;GRANJA LISBOA, FORTALEZA , CE, 60533,661;;;escola primária;GRANJA LISBOA;5;GRANJA LISBOA, FORTALEZA;Granja Lisboa, FORTALEZA, CE;-3.7873099;-38.61772;-3.7873099;-38.61772
258;Curso de Informática em Fortaleza;;;R. ARISTIDES BARCELOS, 608 A , VICENTE PINZON, FORTALEZA , CE, 60181,832;;;escola primária;VICENTE PINZON;7;R. ARISTIDES BARCELOS  608 A , FORTALEZA;Vicente Pinzon, FORTALEZA, CE;-3.7231504;-38.4677194;-3.7281452;-38.4697385
259;CEPEP Cursos Profissionalizantes;;;AV. DUQUE DE CAXIAS, 672 , CENTRO, FORTALEZA , CE, 60035,110;;;escola primária;CENTRO;7; DUQUE DE CAXIAS  672 , FORTALEZA;Centro, FORTALEZA, CE;-3.7313805;-38.5304426;-3.7281287;-38.527412
260;CVT Fortaleza;;;R. SILVA JARDIM, 512 , JOSÉ BONIFACIO, FORTALEZA , CE, 60040,260;;;escola primária;JOSÉ BONIFACIO;7;R. SILVA JARDIM  512 , FORTALEZA;José Bonifacio, FORTALEZA, CE;-3.7405214;-38.5332545;-3.7394569;-38.5285591
261;SENAC - Unidade Centro;;;AV. TRISTÃO GONÇALVES, 1245 , CENTRO, FORTALEZA , CE, 60015,000;;;escola primária;CENTRO;7; TRISTÃO GONÇALVES  1245 , FORTALEZA;Centro, FORTALEZA, CE;-3.7328614;-38.5346297;-3.7281287;-38.527412
262;Escola de Gastronomia Social Ivens Dias Branco;4.7;144 comentários;R. MANUEL DIAS BRANCO, 80 , CAIS DO PORTO, FORTALEZA , CE, 60180,635;Escola de culinária em Fortaleza, Ceará;;escola primária;CAIS DO PORTO;7;R. MANUEL DIAS BRANCO  80 , FORTALEZA;Cais do Porto, FORTALEZA, CE;-3.7225123;-38.4781151;-3.7148542;-38.4706071
263;S.O.S Tecnologia e Educação - Unidade;;;RUA TENENTE JURANDIR ALENCAR, 206 , MESSEJANA, FORTALEZA , CE, 60840,000;;;escola primária;MESSEJANA;7;RUA TENENTE JURANDIR ALENCAR  206 , FORTALEZA;Messejana, FORTALEZA, CE;-3.8320434;-38.4935129;-3.8266615;-38.4935167
264;Posto de Saúde Professor Clodoaldo Pinto;3.3;21 comentários;RUA BANVARTH BEZERRA, 100 , PADRE ANDRADE, FORTALEZA , CE, 60356,490;Centro médico público em Fortaleza, Ceará;;escola primária;PADRE ANDRADE;7;RUA BANVARTH BEZERRA  100 , FORTALEZA;Padre Andrade, FORTALEZA, CE;-3.7306938;-38.5808494;-3.734669;-38.5794766
265;Posto de Saúde Fernando Diógenes;3.3;26 comentários;R. TEODORO DE CASTRO, S\N , GRANJA PORTUGAL, FORTALEZA , CE, 60541,192;Posto de saúde comunitário em Fortaleza, Ceará;15 min a 1,5 h;escola primária;GRANJA PORTUGAL;7;R. TEODORO DE CASTRO  S\N , FORTALEZA;Granja Portugal, FORTALEZA, CE;-3.779763;-38.6050369;-3.7822084;-38.5997833
266;Unichristus Campus Parque Ecológico;;;R. JOÃO ADOLFO GURGEL, 133 , COCÓ, FORTALEZA , CE, 60190,180;;;escola primária;COCÓ;7;R. JOÃO ADOLFO GURGEL  133 , FORTALEZA;Cocó, FORTALEZA, CE;-3.7469548;-38.4817155;-3.7481588;-38.4808581
267;Posto de Saúde Aída Santos e Silva;3.0;37 comentários;AV. TRAJANO DE MEDEIROS, 813 , VICENTE PINZON, FORTALEZA , CE, 60132,080;Departamento de saúde pública em Fortaleza, Ceará;;escola primária;VICENTE PINZON;7; TRAJANO DE MEDEIROS  813 , FORTALEZA;Vicente Pinzon, FORTALEZA, CE;-3.726389;-38.4657627;-3.7281452;-38.4697385
268;Editora Caminhar;;;AV. DOM MANUEL, 709 , CENTRO, FORTALEZA , CE, 60060,090;;;escola primária;CENTRO;7; DOM MANUEL  709 , FORTALEZA;Centro, FORTALEZA, CE;-3.7369211;-38.5533107;-3.7281287;-38.527412
269;Posto de Saúde Pio XII;2.4;21 comentários;RUA TUBARÃO, 80 , SÃO JOÃO DO TAUAPE, FORTALEZA , CE, 60130,560;Posto de saúde comunitário em Fortaleza, Ceará;15 min a 1,5 h;escola primária;SÃO JOÃO DO TAUAPE;7;RUA TUBARÃO  80 , FORTALEZA;São João do Tauape, FORTALEZA, CE;-3.760701;-38.5066789;-3.7573612;-38.5106394
270;EEEP Maria Angela da Silveira;;;AV. PINTOR ANTÔNIO BANDEIRA , PRAIA DO FUTURO I, FORTALEZA , CE, 60182,301;;;escola primária;PRAIA DO FUTURO I;6; PINTOR ANTÔNIO BANDEIRA , FORTALEZA;Praia do Futuro I, FORTALEZA, CE;-3.743336;-38.4544116;-3.7398076;-38.456122
271;Posto de Saúde - Prof. José Valdevino de Carvalho;4.1;52 comentários;R. GUARÁ , PARANGABA, FORTALEZA , CE, 60740,140;Centro médico público em Fortaleza, Ceará;;escola primária;PARANGABA;6;R. GUARÁ , FORTALEZA;Parangaba, FORTALEZA, CE;-3.7763677;-38.5589181;-3.7771465;-38.5671367
272;SENAI Jacarecanga;4.6;354 comentários;R. PADRE IBIAPINA, 1280 , JACARECANGA, FORTALEZA , CE, 60010,690;Escola técnica em Fortaleza, Ceará;;escola primária;JACARECANGA;7;R. PADRE IBIAPINA  1280 , FORTALEZA;Jacarecanga, FORTALEZA, CE;-3.7264967;-38.5418982;-3.7218504;-38.5416884
273;SENAI Parangaba;4.7;640 comentários;AV. JOÃO PESSOA, 6760 , DAMAS, FORTALEZA , CE, 60721,340;Escola técnica em Fortaleza, Ceará;;escola primária;DAMAS;7; JOÃO PESSOA  6760 , FORTALEZA;Damas, FORTALEZA, CE;-7.2013782;-34.8571665;-3.7530505;-38.5502204
274;SPDM-PAIS FORTALEZA;3.5;4 comentários;R. JUVENAL DE CARVALHO, 683 , FÁTIMA, FORTALEZA , CE, 60050,220;Saúde e segurança ocupacional em Fortaleza, Ceará;;escola primária;FÁTIMA;7;R. JUVENAL DE CARVALHO  683 , FORTALEZA;Fátima, FORTALEZA, CE;-3.7478176;-38.5248356;-3.7517525;-38.5290848
275;SENAI Barra do Ceará;4.5;297 comentários;AV. FRANCISCO SÁ, 7221 , BARRA DO CEARÁ, FORTALEZA , CE, 60330,875;Escola técnica em Fortaleza, Ceará;;escola primária;BARRA DO CEARÁ;7; FRANCISCO SÁ  7221 , FORTALEZA;Barra do Ceará, FORTALEZA, CE;-3.7077159;-38.5845773;-3.7044722;-38.5812573
276;Editora Cactos;;;R. CEL. FRANCISCO ALVES, 87 , EDSON QUEIROZ, FORTALEZA , CE, 60834,105;;;escola primária;EDSON QUEIROZ;7;R. CEL. FRANCISCO ALVES  87 , FORTALEZA;Edson Queiroz, FORTALEZA, CE;-3.7826882;-38.4573004;-3.7777657;-38.4623898
277;EEMTI Coronel Murilo Serpa;;;R. ANASTÁCIO BARROSO VALENTE, 318 , CRUZEIRO, ITAPIPOCA , CE, 62540,000;;;escola primária;CRUZEIRO;7;R. ANASTÁCIO BARROSO VALENTE  318 , FORTALEZA;Cruzeiro, FORTALEZA, CE;-3.4898326;-39.5772179;-3.7424539;-38.4657168
278;Posto Bezerra de Menezes | SP;3.9;80 comentários;AV. BEZERRA DE MENEZES, 216 , FARIAS BRITO, FORTALEZA , CE, 60325,000;Posto de gasolina em Fortaleza, Ceará;10 min;escola primária;FARIAS BRITO;7; BEZERRA DE MENEZES  216 , FORTALEZA;Farias Brito, FORTALEZA, CE;-3.7306392;-38.5418919;-3.7296496;-38.5430883
279;Escola Parquelândia;;;R. MOREIRA DE SOUSA, 262,386 , PARQUELÂNDIA, FORTALEZA , CE, 60450,080;;;escola primária;PARQUELÂNDIA;8;R. MOREIRA DE SOUSA 386 , FORTALEZA;Parquelândia, FORTALEZA, CE;-3.7420057;-38.5674453;-3.7377987;-38.5590543
280;Posto De Saúde Francisco Domingos Da Silva;3.8;26 comentários;AV. PRES. CASTELO BRANCO, 4759 , BARRA DO CEARÁ, FORTALEZA , CE, 60331,495;Posto de saúde comunitário em Fortaleza, Ceará;15 min a 1 h;escola primária;BARRA DO CEARÁ;7; PRESIDENTE CASTELO BRANCO  4759 , FORTALEZA;Barra do Ceará, FORTALEZA, CE;-23.2802019;-52.1579342;-3.7044722;-38.5812573
281;escola;;;R. ALBERTO MONTEZUMA, 235 , VILA UNIÃO, FORTALEZA , CE, 60410,364;;;escola primária;VILA UNIÃO;7;R. ALBERTO MONTEZUMA  235 , FORTALEZA;Vila União, FORTALEZA, CE;-3.76148;-38.5316225;-3.7673154;-38.5355598
282;Escola Fátima;;;RUA MINISTRO JOAQUIM BASTOS , FÁTIMA, FORTALEZA , CE, 60415,040;;;escola primária;FÁTIMA;6;RUA MINISTRO JOAQUIM BASTOS , FORTALEZA;Fátima, FORTALEZA, CE;-3.7528755;-38.5292795;-3.7517525;-38.5290848
283;Colégio Recamonde;;;R. IRINEU DE SOUZA, 197 , ÁLVARO WEYNE, FORTALEZA , CE, 60337,180;;;escola primária;ÁLVARO WEYNE;7;R. IRINEU DE SOUZA  197 , FORTALEZA;Álvaro Weyne, FORTALEZA, CE;-3.7113197;-38.5675584;-3.7156132;-38.5679861
284;escola;;;R. GUILHERME PESSOA, 633 , MESSEJANA, FORTALEZA , CE, 60841,360;;;escola primária;MESSEJANA;7;R. GUILHERME PESSOA  633 , FORTALEZA;Messejana, FORTALEZA, CE;-3.8271446;-38.4876449;-3.8266615;-38.4935167
285;Creche Escolinha Pequeno Sábio;;;RUA PRINCESA ISABEL, 166 , VICENTE PINZON, FORTALEZA , CE, 60184,180;;;escola primária;VICENTE PINZON;7;RUA PRINCESA ISABEL  166 , VICENTE PINZON,FORTALEZA;Vicente Pinzon, FORTALEZA, CE;-3.7271307;-38.4715143;-3.7281452;-38.4697385
286;Escola Ensinar - Cursos Profissionalizantes, Cursos de Informática e Idiomas.;;;R. BARÃO DO RIO BRANCO, 1189 , CENTRO, FORTALEZA , CE, 60025,060;;;escola primária;CENTRO;7;R. BARÃO DO RIO BRANCO  1189 , FORTALEZA;Centro, FORTALEZA, CE;-3.7288088;-38.5287954;-3.7281287;-38.527412
287;Escola Primária de Humaitá;;;17714,, ROD. PRES. JUSCELINO KUBITSCHEK, 17564, MARANGUAPE , CE;;;escola primária;;6;17714, FORTALEZA;, FORTALEZA, CE;-3.7304512;-38.5217989;-3.7304512;-38.5217989
